accession,original_accessions,pubchem_id,smiles_iso,rt,rt_unit,inchikey
BS492044,BS003128,338,C1=CC=C(C(=C1)C(=O)O)O,297.0,sec,YGSDEFSMJLZEOE-UHFFFAOYSA-N
BS001815,BS003956;BS003954;BS003958;BS003959;BS003955,662,C1=CC(=CC=C1C2C(C(=O)C3=C(C=C(C=C3O2)O)O)O)O,349.8,sec,PADQINQHPQKXNL-UHFFFAOYSA-N
BS944450,BS001075;BS001077;BS001076,985,CCCCCCCCCCCCCCCC(=O)O,1881.6,sec,IPCSVZSSVZVIGE-UHFFFAOYSA-N
BS854672,BS003871;BS003869,2969,CCCCCCCCCC(=O)O,1175.4,sec,GHVNFZFCNZKVNT-UHFFFAOYSA-N
BS111731,BS003106,3469,C1=CC(=C(C=C1O)C(=O)O)O,107.4,sec,WXTMDXOMEHJXQO-UHFFFAOYSA-N
BS378188,BS003929;BS003931;BS003932,5281,CCCCCCCCCCCCCCCCCC(=O)O,1971.6,sec,QIQXTHQIDYTFRH-UHFFFAOYSA-N
BS187786,BS003104;BS003103,6990,CC(=O)C1=C(C=C(C=C1)O)O,298.8,sec,SULYEHHGGXARJS-UHFFFAOYSA-N
BS539914,BS003883;BS003884,8180,CCCCCCCCCCC(=O)O,1313.4,sec,ZDPHROOEEOARMN-UHFFFAOYSA-N
BS238262,BS003886;BS003890;BS003887;BS003888,8215,CCCCCCCCCCCCCCCCCCCCCC(=O)O,2062.2,sec,UKMSUNONTOPOIO-UHFFFAOYSA-N
BS193104,BS003124;BS003126,8468,COC1=C(C=CC(=C1)C(=O)O)O,154.8,sec,WKOLLVMJNQIZCI-UHFFFAOYSA-N
BS400250,BS003265;BS003264,8768,C1=CC(=C(C=C1C=O)O)O,65.4,sec,IBGBGRVKPALMCQ-UHFFFAOYSA-N
BS061146,BS003016;BS003014,9064,C1[C@@H]([C@H](OC2=CC(=CC(=C21)O)O)C3=CC(=C(C=C3)O)O)O,120.152,sec,PFTAWBLQPZVEMU-DZGCQCFKSA-N
BS030730,BS003180;BS003176;BS003177;BS003174;BS003175,10114,C[C@]12CC[C@](C[C@H]1C3=CC(=O)[C@@H]4[C@]5(CC[C@@H](C([C@@H]5CC[C@]4([C@@]3(CC2)C)C)(C)C)O)C)(C)C(=O)O,1449.0,sec,MPDGHEJMBKOTSU-YKLVYJNSSA-N
BS662978,BS003006;BS003009;BS003005;BS003004;BS003008,10187,C1=CC2=CC3=C(C(=CC=C3)O)C(=C2C(=C1)O)O,819.0,sec,YUTJCNNFTOIOGT-UHFFFAOYSA-N
BS492414,BS003908;BS003911;BS003910;BS003907,10465,CCCCCCCCCCCCCCCCC(=O)O,1935.6,sec,KEMQGTRYUADPNZ-UHFFFAOYSA-N
BS286710,BS003862;BS003858;BS003861;BS003857;BS003859,10621,C[C@H]1[C@@H]([C@H]([C@H]([C@@H](O1)OC[C@@H]2[C@H]([C@@H]([C@H]([C@@H](O2)OC3=CC(=C4C(=O)C[C@H](OC4=C3)C5=CC(=C(C=C5)OC)O)O)O)O)O)O)O)O,424.8,sec,QUQPHWDTPGMPEX-QJBIFVCTSA-N
BS043673,BS003876;BS003878;BS003877,11005,CCCCCCCCCCCCCC(=O)O,1681.8,sec,TUNFSRHWOTWDNC-UHFFFAOYSA-N
BS909691,BS003926;BS003925;BS003928,11197,CCCCCCCCCCCCCCCCCCCCCCCC(=O)O,2113.2,sec,QZZGJDVWLFXDLK-UHFFFAOYSA-N
BS855053,BS003024;BS003023;BS003025,11349,C1=CC=C(C=C1)C2=C(C(=O)C3=CC=CC=C3O2)O,992.4,sec,HVQAJTFOCKOKIN-UHFFFAOYSA-N
BS920590,BS003881;BS003882,12530,CCCCCCCCCCCCC(=O)O,1567.8,sec,SZHOJFHSIKHZHA-UHFFFAOYSA-N
BS749194,BS003872;BS003874;BS003873,13849,CCCCCCCCCCCCCCC(=O)O,1791.0,sec,WQEPLUUGTLDZJY-UHFFFAOYSA-N
BS649809,BS003790;BS003796;BS003795;BS003793;BS003797;BS003794;BS003791,14982,C[C@]12CC[C@](C[C@H]1C3=CC(=O)[C@@H]4[C@]5(CC[C@@H](C([C@@H]5CC[C@]4([C@@]3(CC2)C)C)(C)C)O[C@@H]6[C@@H]([C@H]([C@@H]([C@H](O6)C(=O)O)O)O)O[C@H]7[C@@H]([C@H]([C@@H]([C@H](O7)C(=O)O)O)O)O)C)(C)C(=O)O,922.8,sec,LPLVUJXQOOQHMX-QWBHMCJMSA-N
BS108716,BS003936;BS003935;BS003934;BS003933,16898,CCCCCCCCCCCCCCCCCCCCC(=O)O,2042.4,sec,CKDDRHZIAZRDBW-UHFFFAOYSA-N
BS012232,BS003914;BS003912;BS003915;BS003913,17085,CCCCCCCCCCCCCCCCCCCCCCC(=O)O,2086.2,sec,XEZVDURJDFGERA-UHFFFAOYSA-N
BS113998,BS003657;BS003658;BS003656,30231,C[C@H]1[C@@H]([C@H]([C@H]([C@@H](O1)O[C@@H]2[C@H]([C@@H]([C@H](O[C@H]2OC3=CC(=C(C(=C3)O)C(=O)CCC4=CC(=C(C=C4)OC)O)O)CO)O)O)O)O)O,537.0,sec,ITVGXXMINPYUHD-CUVHLRMHSA-N
BS969936,BS003171;BS003169;BS003172;BS003173;BS003170,64945,C[C@@H]1CC[C@@]2(CC[C@@]3(C(=CC[C@H]4[C@]3(CC[C@@H]5[C@@]4(CC[C@@H](C5(C)C)O)C)C)[C@@H]2[C@H]1C)C)C(=O)O,1693.8,sec,WCGUUGGRBIKTOS-GPOJBZKASA-N
BS406310,BS003799;BS003801;BS003800;BS003802;BS003798,65048,C[C@@]12CC[C@@H]3[C@@]([C@H]1CC=C4[C@]2(CC[C@@]5([C@H]4CC(CC5)(C)C)C(=O)O)C)(C[C@@H]([C@@H]([C@@]3(C)C(=O)O)O)O)C,1147.8,sec,IDGXIXSKISLYAC-WNTKNEGGSA-N
BS535086,BS003901;BS003900;BS003896;BS003897;BS003899,65064,C1[C@H]([C@H](OC2=CC(=CC(=C21)O)O)C3=CC(=C(C(=C3)O)O)O)OC(=O)C4=CC(=C(C(=C4)O)O)O,173.4,sec,WMBWREPUVVBILR-WIYYLYMNSA-N
BS466349,BS003100,68112,C1=CC=C(C=C1)C2=CC(=O)C3=C(O2)C=CC=C3O,1090.58,sec,IYBLVRRCNVHZQJ-UHFFFAOYSA-N
BS625588,BS003108;BS003107;BS003110,69687,CC(=O)C1=C(C=CC=C1O)O,372.6,sec,YPTJKHVBDCRKNF-UHFFFAOYSA-N
BS511984,BS003426;BS003424,72276,C1[C@H]([C@H](OC2=CC(=CC(=C21)O)O)C3=CC(=C(C=C3)O)O)O,175.2,sec,PFTAWBLQPZVEMU-UKRRQHHQSA-N
BS705889,BS003950;BS003952;BS003949,72277,C1[C@H]([C@H](OC2=CC(=CC(=C21)O)O)C3=CC(=C(C(=C3)O)O)O)O,103.2,sec,XMOCLSLCDHWDHP-IUODEOHRSA-N
BS235613,BS003017;BS003018,72279,C1=CC=C(C=C1)C2=CC(=O)C3=C(O2)C=CC(=C3)O,746.028,sec,GPZYYYGYCRFPBU-UHFFFAOYSA-N
BS526892,BS003470;BS003471;BS003474;BS003473,72281,COC1=C(C=C(C=C1)[C@@H]2CC(=O)C3=C(C=C(C=C3O2)O)O)O,623.4,sec,AIONOLUJZLIMTK-AWEZNQCLSA-N
BS038423,BS003239,73299,C[C@]12CC[C@@H]([C@@]([C@@H]1CC[C@@]3([C@@H]2CC=C4[C@]3(CC[C@@]5([C@H]4CC(CC5)(C)C)C(=O)O)C)C)(C)CO)O,1343.4,sec,PGOYMURMZNDHNS-MYPRUECHSA-N
BS886277,BS003839;BS003837;BS003838,73412,C[C@@H]1CC[C@@]2(CC[C@@]3(C(=CC[C@H]4[C@]3(C[C@H]([C@@H]5[C@@]4(C[C@H]([C@@H]([C@@]5(C)CO)O)O)C)O)C)[C@@H]2[C@H]1C)C)C(=O)O,947.4,sec,PRAUVHZJPXOEIF-AOLYGAPISA-N
BS469085,BS003789;BS003785;BS003788;BS003787,73635,COC1=C(C=CC(=C1)[C@@H]2CC(=O)C3=C(C=C(C=C3O2)O)O)O,596.4,sec,FTODBIPDTXRIGS-ZDUSSCGKSA-N
BS354467,BS003118;BS003117,75787,COC1=CC(=C(C=C1)O)C(=O)O,319.8,sec,IZZIWIAOVZOBLF-UHFFFAOYSA-N
BS420593,BS003593;BS003592,88281,C1=CC2=C(C(=C1)O)C(=O)C=C(O2)C3=CC(=C(C=C3)O)O,705.6,sec,KXPQYWKYYDYOCQ-UHFFFAOYSA-N
BS172248,BS003518;BS003521;BS003522;BS003519,91144,CC1=C(C2=C(C(=C1O)C)OC(CC2=O)C3=CC=C(C=C3)O)O,795.6,sec,DYHOLQACRGJEHX-UHFFFAOYSA-N
BS382889,BS003369;BS003366,92794,C1[C@H](OC2=CC(=CC(=C2C1=O)O)O[C@H]3[C@@H]([C@H]([C@@H]([C@H](O3)CO)O)O)O)C4=CC=C(C=C4)O,375.0,sec,DLIKSSGEMUFQOK-SFTVRKLSSA-N
BS217972,BS003831;BS003833;BS003835;BS003834;BS003830,107971,C1=CC(=CC=C1C2=COC3=C(C2=O)C=CC(=C3)O[C@H]4[C@@H]([C@H]([C@@H]([C@H](O4)CO)O)O)O)O,245.4,sec,KYQZWONCHDNPDP-QNDFHXLGSA-N
BS822989,BS003514;BS003516;BS003513;BS003510;BS003512,114627,C[C@H]1[C@@H]([C@H]([C@H]([C@@H](O1)O[C@@H]2[C@H]([C@@H]([C@H](O[C@H]2OC3=CC(=C4C(=O)C[C@H](OC4=C3)C5=CC(=C(C=C5)O)O)O)CO)O)O)O)O)O,330.6,sec,OBKKEZLIABHSGY-DOYQYKRZSA-N
BS705730,BS003364,114829,C1[C@H](OC2=C(C1=O)C=CC(=C2)O)C3=CC=C(C=C3)O,445.8,sec,FURUXTVZLHCCNA-AWEZNQCLSA-N
BS983093,BS003821;BS003823,119034,C[C@@H]1CC[C@@]2(CC[C@@]3(C(=CC[C@H]4[C@]3(CC[C@@H]5[C@@]4(C[C@H]([C@@H]([C@@]5(C)CO)O)O)C)C)[C@@H]2[C@H]1C)C)C(=O)O,1068.6,sec,JXSVIVRDWWRQRT-UYDOISQJSA-N
BS679795,BS003940;BS003939;BS003941;BS003937;BS003942,122738,C1[C@H]([C@H](OC2=C1C(=CC(=C2[C@@H]3[C@H]([C@H](OC4=CC(=CC(=C34)O)O)C5=CC(=C(C=C5)O)O)O)O)O)C6=CC(=C(C=C6)O)O)O,152.4,sec,XFZJEEAOWLFHDH-NFJBMHMQSA-N
BS879078,BS003078;BS003082;BS003081;BS003077,124035,CC(=CCC1=C(C2=C(C(=C1O)CC=C(C)C)O[C@@H](CC2=O)C3=CC=C(C=C3)O)O)C,1440.6,sec,HCNLDGTUMBOHKT-NRFANRHFSA-N
BS418965,BS003525;BS003527;BS003528;BS003524,145726,C1=CC=C2C(=C1)C(=O)C=C(O2)C3=CC(=C(C=C3)O)O,553.2,sec,SRNPMQHYWVKBAV-UHFFFAOYSA-N
BS780877,BS003919;BS003918;BS003917,155206,C1=CC(=C(C=C1[C@@H]2[C@H]([C@@H](C3=C(C=C(C=C3O2)O)O)O)O)O)O,115.2,sec,SBZWTSHAFILOTE-QLFBSQMISA-N
BS761485,BS003558;BS003552;BS003557;BS003554;BS003555,160481,COC1=CC=C(C=C1)[C@@H]2CC(=O)C3=C(C=C(C=C3O2)O)O,838.2,sec,HMUJXQRRKBLVOO-AWEZNQCLSA-N
BS476791,BS003640;BS003641;BS003643;BS003642;BS003639,160921,COC1=CC=C(C=C1)C2=CC(=O)C3=C(O2)C(=C(C(=C3O)OC)O)OC,882.0,sec,KRFBMPVGAYGGJE-UHFFFAOYSA-N
BS228748,BS003113;BS003111,161860,C1=CC=C(C(=C1)C2=CC(=O)C3=CC=CC=C3O2)O,760.8,sec,ZZLQHXCRRMUGQJ-UHFFFAOYSA-N
BS799084,BS003347;BS003346;BS003349,162933,C1[C@@H]2[C@H](C3=C(O1)C=C(C=C3)O)OC4=C2C=CC(=C4)O,493.8,sec,ODMIEGVTNZNSLD-WFASDCNBSA-N
BS105425,BS003566;BS003570;BS003567;BS003571,185617,C1=CC(=CC=C1C2=CC(=O)C3=C(C(=C(C=C3O2)O[C@H]4[C@@H]([C@H]([C@@H]([C@H](O4)C(=O)O)O)O)O)O)O)O,301.8,sec,DJSISFGPUUYILV-ZFORQUDYSA-N
BS356548,BS003462;BS003460;BS003461;BS003458,193679,CC(=CCC1=C(C=CC2=C1O[C@@H](CC2=O)C3=CC=C(C=C3)O)O)C,878.4,sec,KYFBXCHUXFKMGQ-IBGZPJMESA-N
BS129448,BS003090;BS003089;BS003092;BS003091,196915,CC(C)C(=O)C1=C(C(=C(C(C1=O)(CC=C(C)C)O)O)CC=C(C)C)O,1490.4,sec,DRSITEVYZGOOQG-UHFFFAOYSA-N
BS995684,BS003773;BS003774;BS003772;BS003771,229015,C1=CC=C2C(=C1)C(=O)C=C(O2)C3=CC(=CC=C3)O,680.4,sec,ISZWRZGKEWQACU-UHFFFAOYSA-N
BS184404,BS003034,229016,C1=CC=C2C(=C1)C(=O)C=C(O2)C3=CC=C(C=C3)O,653.733,sec,SHGLJXBLXNNCTE-UHFFFAOYSA-N
BS787586,BS003607;BS003608;BS003610;BS003609,261859,COC1=CC(=CC(=C1OC)OC)C2=CC(=O)C3=C(O2)C(=C(C(=C3O)OC)OC)OC,768.0,sec,MQBFFYQCZCKSBX-UHFFFAOYSA-N
BS329611,BS003301;BS003298;BS003302;BS003303;BS003299,265699,COC1=CC=C(C=C1)C2=C(C(=O)C3=C(O2)C=C(C=C3)OC)O,1035.0,sec,IFHXSMSQHPVVSF-UHFFFAOYSA-N
BS570070,BS003503;BS003502;BS003500,321346,COC1=CC=C(C=C1)C2CC(=O)C3=C(C=C(C=C3O2)OC)O,1120.2,sec,CKEXCBVNKRHAMX-UHFFFAOYSA-N
BS543171,BS003561;BS003560;BS003562;BS003563,348130,COC1=CC(=C2C(=O)CC(OC2=C1)C3=CC=C(C=C3)O)O,837.0,sec,DJOJDHGQRNZXQQ-UHFFFAOYSA-N
BS722933,BS003031;BS003032;BS003029;BS003030;BS003027,439246,C1[C@H](OC2=CC(=CC(=C2C1=O)O)O)C3=CC=C(C=C3)O,554.4,sec,FTVWIRXFELQLPI-ZDUSSCGKSA-N
BS299398,BS003045;BS003044,439533,C1=CC(=C(C=C1[C@@H]2[C@H](C(=O)C3=C(C=C(C=C3O2)O)O)O)O)O,268.48,sec,CXQWRCVTCMQVQX-LSDHHAIUSA-N
BS276802,BS003464;BS003468;BS003463;BS003465,440735,C1[C@H](OC2=CC(=CC(=C2C1=O)O)O)C3=CC(=C(C=C3)O)O,456.6,sec,SBHXYTNGIZCORC-ZDUSSCGKSA-N
BS800823,BS003924;BS003923;BS003922,440833,C1=CC(=C(C=C1[C@@H]2[C@H]([C@H](C3=C(C=C(C=C3O2)O)O)O)O)O)O,85.8,sec,SBZWTSHAFILOTE-SOUVJXGZSA-N
BS340973,BS003666;BS003668;BS003667;BS003669;BS003665,441381,C1=CC(=CC=C1C2=CC(=O)C3=C(C(=C(C=C3O2)O[C@H]4[C@@H]([C@H]([C@@H]([C@H](O4)CO)O)O)O)[C@H]5[C@@H]([C@H]([C@@H]([C@H](O5)CO)O)O)O)O)O,240.6,sec,HGUVPEBGCAVWID-KETMJRJWSA-N
BS174840,BS003683;BS003684;BS003685;BS003686,441764,COC1=C(C=CC(=C1)[C@H]2[C@@H](C3=C(O2)C(=CC(=C3)[C@@H]4[C@H](C(=O)C5=C(C=C(C=C5O4)O)O)O)O)CO)O,447.0,sec,BMLIIPOXVWESJG-LMBCONBSSA-N
BS029130,BS003384;BS003385;BS003382;BS003386;BS003383,442428,C[C@H]1[C@@H]([C@H]([C@H]([C@@H](O1)O[C@@H]2[C@H]([C@@H]([C@H](O[C@H]2OC3=CC(=C4C(=O)C[C@H](OC4=C3)C5=CC=C(C=C5)O)O)CO)O)O)O)O)O,393.6,sec,DFPMSGMNTNDNHN-ZPHOTFPESA-N
BS283272,BS003655;BS003651;BS003654;BS003652,442439,C[C@H]1[C@@H]([C@H]([C@H]([C@@H](O1)O[C@@H]2[C@H]([C@@H]([C@H](O[C@H]2OC3=CC(=C4C(=O)C[C@H](OC4=C3)C5=CC(=C(C=C5)OC)O)O)CO)O)O)O)O)O,447.0,sec,ARGKVCXINMKCAZ-UZRWAPQLSA-N
BS395224,BS003484;BS003483;BS003488;BS003487;BS003482,442813,COC1=CC=C(C=C1)C2=COC3=C(C2=O)C=CC(=C3)O[C@H]4[C@@H]([C@H]([C@@H]([C@H](O4)CO)O)O)O,489.0,sec,MGJLSBDCWOSMHL-MIUGBVLSSA-N
BS986289,BS003095;BS003096,442911,CC(C)CC(=O)C1=C(C(=C([C@@](C1=O)(CC=C(C)C)O)O)CC=C(C)C)O,1570.8,sec,VMSLCPKYRPDHLN-OAQYLSRUSA-N
BS435825,BS003978;BS003982;BS003979,444899,CCCCC/C=C\C/C=C\C/C=C\C/C=C\CCCC(=O)O,1782.6,sec,YZXBAPSDXZZRGB-DOFZRALJSA-N
BS244425,BS003070;BS003069;BS003071;BS003068,445154,C1=CC(=CC=C1/C=C/C2=CC(=CC(=C2)O)O)O,386.4,sec,LUKBXSAWLPMMSZ-OWOJBTEDSA-N
BS209619,BS003993;BS003994,445638,CCCCCC/C=C\CCCCCCCC(=O)O,1733.4,sec,SECPZKHBENQXJG-FPLPWBNLSA-N
BS069804,BS003989;BS003988;BS003990,445639,CCCCCCCC/C=C\CCCCCCCC(=O)O,1905.0,sec,ZQPPMHVWECSIRJ-KTKRTIGZSA-N
BS719702,BS003002;BS003003;BS003001;BS003000,480764,CC(=CCC1=C(C=C(C2=C1O[C@@H](CC2=O)C3=CC=C(C=C3)O)O)O)C,952.8,sec,LPEPZZAVFJPLNZ-SFHVURJKSA-N
BS848302,BS003211;BS003209;BS003212,513197,CC(=CCC1=C(C=C(C2=C1OC(CC2=O)C3=CC=C(C=C3)O)OC)O)C,823.8,sec,YKGCBLWILMDSAV-UHFFFAOYSA-N
BS028039,BS003671;BS003673;BS003675;BS003670;BS003672,633124,COC1=CC(=CC(=C1OC)O)C2=CC(=O)C3=C(O2)C(=C(C(=C3O)OC)O)OC,722.4,sec,NYKXAPFHNLNAIJ-UHFFFAOYSA-N
BS564601,BS003138;BS003142;BS003137;BS003141;BS003140,637234,C[C@@]12CC[C@@]3(C(=CC[C@H]4[C@]3(CC[C@@H]5[C@@]4(CC[C@H]([C@]5(C)C(=O)O)O)C)C)[C@@H]1CC(CC2)(C)C)C,1946.4,sec,BZXULBWGROURAF-IKNLXHIFSA-N
BS751976,BS003260,638278,C1=CC(=CC=C1/C=C/C(=O)C2=C(C=C(C=C2)O)O)O,670.2,sec,DXDRHHKMWQZJHT-FPYGCLRLSA-N
BS841886,BS003122,639665,CC(=CCC1=C(C=C(C(=C1O)C(=O)/C=C/C2=CC=C(C=C2)O)OC)O)C,1230.6,sec,ORXQGKIUCDPEAJ-YRNVUSSQSA-N
BS219815,BS003448;BS003445;BS003447;BS003449,667581,C1=CC(=C(C=C1C2=C(C(=O)C3=C(O2)C=CC(=C3)O)O)O)O,406.8,sec,BXPBSBBFPNTFFT-UHFFFAOYSA-N
BS391831,BS003864;BS003865;BS003863,688718,C1=CC(=C(C=C1O)O)C2=C(C(=O)C3=C(O2)C=CC(=C3)O)O,384.6,sec,DNISTMYBAOCXPD-UHFFFAOYSA-N
BS826476,BS003451;BS003454;BS003452;BS003453,688828,C1=CC(=C(C(=C1)O)O)C2=C(C(=O)C3=C(O2)C=CC(=C3)O)O,475.2,sec,KQRPHHDERPYSPX-UHFFFAOYSA-N
BS962083,BS003972;BS003969;BS003967;BS003968;BS003970,736186,COC1=C(C=C(C=C1)/C=C/C(=O)O)O,293.4,sec,QURCVMIEKCOAJU-HWKANZROSA-N
BS766812,BS003849;BS003848;BS003850;BS003846,1548994,COC1=C(C=CC(=C1)[C@H]2[C@@H](OC3=C(O2)C=C(C=C3)[C@@H]4[C@H](C(=O)C5=C(C=C(C=C5O4)O)O)O)CO)O,601.8,sec,SEBFKMXJBCUCAI-WAABAYLZSA-N
BS245160,BS003575;BS003576,2734580,C1C(OC2=C(C1=O)C=C(C=C2)O)C3=CC=CC=C3,781.2,sec,XYHWPQUEOOBIOW-UHFFFAOYSA-N
BS058890,BS003677;BS003680;BS003681;BS003676;BS003679,3084390,COC1=C(C(=C2C(=C1)OC(=CC2=O)C3=CC=C(C=C3)O)O)O,538.8,sec,UWARRXZVZDFPQU-UHFFFAOYSA-N
BS082458,BS003087;BS003083;BS003085;BS003086,3519901,CC(=CCC1=C(C=C2C(=C1O)C(=O)CC(O2)C3=CC=C(C=C3)O)O)C,1120.8,sec,YHWNASRGLKJRJJ-UHFFFAOYSA-N
BS133666,BS003743;BS003739;BS003740;BS003742;BS003741,5271551,COC1=CC(=C2C(=O)CC(OC2=C1)C3=CC=C(C=C3)O)OC,638.4,sec,REBBZOCNEVVAPX-UHFFFAOYSA-N
BS436632,BS003603;BS003602;BS003605;BS003601;BS003604,5273755,COC1=C(C=C(C=C1)C2=CC(=O)C3=C(C(=C(C=C3O2)O)OC)O)OC,808.2,sec,DRRWBCNQOKKKOL-UHFFFAOYSA-N
BS518111,BS003396;BS003398;BS003390;BS003394;BS003391;BS003393;BS003392;BS003395;BS003387,5280343,C1=CC(=C(C=C1C2=C(C(=O)C3=C(C=C(C=C3O2)O)O)O)O)O,483.6,sec,REFJWTPEDVJJIY-UHFFFAOYSA-N
BS362666,BS003038;BS003041;BS003039;BS003037,5280373,COC1=CC=C(C=C1)C2=COC3=CC(=CC(=C3C2=O)O)O,882.699,sec,WUADCCWRTIWANL-UHFFFAOYSA-N
BS683293,BS003356;BS003354;BS003357;BS003358;BS003355,5280378,COC1=CC=C(C=C1)C2=COC3=C(C2=O)C=CC(=C3)O,720.0,sec,HKQYGTCOTHHOMP-UHFFFAOYSA-N
BS708003,BS003308;BS003307;BS003304;BS003305;BS003309,5280441,C1=CC(=CC=C1C2=CC(=O)C3=C(O2)C(=C(C=C3O)O)[C@H]4[C@@H]([C@H]([C@@H]([C@H](O4)CO)O)O)O)O,297.0,sec,SGEWCQFRYRRZDC-VPRICQMDSA-N
BS338752,BS003806;BS003807;BS003804,5280442,COC1=CC=C(C=C1)C2=CC(=O)C3=C(C=C(C=C3O2)O)O,811.2,sec,DANYIYRPLHHOCZ-UHFFFAOYSA-N
BS777353,BS003047,5280443,C1=CC(=CC=C1C2=CC(=O)C3=C(C=C(C=C3O2)O)O)O,580.837,sec,KZNIFHPLKGYRTM-UHFFFAOYSA-N
BS723361,BS003099,5280445,C1=CC(=C(C=C1C2=CC(=O)C3=C(C=C(C=C3O2)O)O)O)O,490.01,sec,IQPNAANSBPBGFQ-UHFFFAOYSA-N
BS521876,BS001066;BS001067;BS001068,5280450,CCCCC/C=C\C/C=C\CCCCCCCC(=O)O,1791.6,sec,OYHQOLUKZRVURQ-HZJYTTRNSA-N
BS551014,BS003205;BS003203;BS003206;BS003207,5280459,C[C@H]1[C@@H]([C@H]([C@H]([C@@H](O1)OC2=C(OC3=CC(=CC(=C3C2=O)O)O)C4=CC(=C(C=C4)O)O)O)O)O,366.6,sec,OXGUCUVFOIWWQJ-HQBVPOQASA-N
BS517313,BS003272;BS003274;BS003270;BS003273,5280460,COC1=C(C=C2C(=C1)C=CC(=O)O2)O,263.4,sec,RODXRVNMMDRFIK-UHFFFAOYSA-N
BS176864,BS003114,5280567,CC1=CC(=O)OC2=C1C=CC(=C2)O,345.6,sec,HSHNITRMYYLLCV-UHFFFAOYSA-N
BS809523,BS004022;BS004024;BS004023,5280644,CCCCCC/C=C/C=C\CCCCCCCC(=O)O,1820.4,sec,JBYXPOFIGCOSSB-GOJKSUSPSA-N
BS912986,BS003344;BS003343;BS003342,5280666,COC1=C(C=CC(=C1)C2=CC(=O)C3=C(C=C(C=C3O2)O)O)O,624.6,sec,SCZVLDHREVKTSH-UHFFFAOYSA-N
BS990656,BS003712;BS003711;BS003710;BS003713;BS003714,5280704,C1=CC(=CC=C1C2=CC(=O)C3=C(C=C(C=C3O2)O[C@H]4[C@@H]([C@H]([C@@H]([C@H](O4)CO)O)O)O)O)O,388.2,sec,KMOUJOKENFFTPU-QNDFHXLGSA-N
BS894680,BS003829;BS003828;BS003825;BS003824;BS003826,5280746,C1[C@@]([C@H]([C@@H](O1)O[C@@H]2[C@H]([C@@H]([C@H](O[C@H]2OC3=CC(=C4C(=C3)OC(=CC4=O)C5=CC=C(C=C5)O)O)CO)O)O)O)(CO)O,387.6,sec,NTDLXWMIWOECHG-YRCFQSNFSA-N
BS879220,BS003323;BS003329;BS003320;BS003319;BS003317;BS003326;BS003330;BS003315;BS003331;BS003316;BS003324;BS003328;BS003322;BS003327;BS003325,5280781,COC1=CC=C(C=C1)C2=COC3=CC(=CC(=C3C2=O)O)O[C@H]4[C@@H]([C@H]([C@@H]([C@H](O4)CO)O)O)O,613.8,sec,LFEUICHQZGNOHD-RECXWPGBSA-N
BS721582,BS003076,5280805,C[C@H]1[C@@H]([C@H]([C@H]([C@@H](O1)OC[C@@H]2[C@H]([C@@H]([C@H]([C@@H](O2)OC3=C(OC4=CC(=CC(=C4C3=O)O)O)C5=CC(=C(C=C5)O)O)O)O)O)O)O)O,295.2,sec,IKGXIBQEEMLURG-NVPNHPEKSA-N
BS422937,BS003360;BS003363;BS003362,5280863,C1=CC(=CC=C1C2=C(C(=O)C3=C(C=C(C=C3O2)O)O)O)O,588.6,sec,IYRMWMYZSQPJKC-UHFFFAOYSA-N
BS171117,BS003973;BS003975;BS003974,5280933,CCCCC/C=C\C/C=C\C/C=C\CCCCC(=O)O,1693.2,sec,VZCCETWTMQHEPK-QNEBEIHSSA-N
BS375269,BS001069;BS001072;BS001071,5280934,CC/C=C\C/C=C\C/C=C\CCCCCCCC(=O)O,1672.2,sec,DTOSIQBPPRVQHS-PDBXOOCHSA-N
BS104106,BS003060;BS003058;BS003059,5280961,C1=CC(=CC=C1C2=COC3=CC(=CC(=C3C2=O)O)O)O,563.4,sec,TZBJGXHYKVUXJN-UHFFFAOYSA-N
BS173023,BS004000;BS003998;BS003997,5281127,CCCCCC/C=C/CCCCCCCCCC(=O)O,1902.6,sec,UWHZIFQPPBDJPM-BQYQJAHWSA-N
BS599951,BS003066;BS003065;BS003061;BS003062;BS003064,5281377,C1=CC(=CC=C1C2=COC3=CC(=CC(=C3C2=O)O)O[C@H]4[C@@H]([C@H]([C@@H]([C@H](O4)CO)O)O)O)O,324.0,sec,ZCOLJUOHXJRHDI-CMWLGVBASA-N
BS114240,BS003403;BS003401;BS003400,5281426,C1=CC(=CC2=C1C=CC(=O)O2)O,235.8,sec,ORHBXUUXSCNDEV-UHFFFAOYSA-N
BS342885,BS003250;BS003247,5281605,C1=CC=C(C=C1)C2=CC(=O)C3=C(C(=C(C=C3O2)O)O)O,685.8,sec,FXNFHKRTJBSTCS-UHFFFAOYSA-N
BS097158,BS003012;BS003011,5281607,C1=CC=C(C=C1)C2=CC(=O)C3=C(C=C(C=C3O2)O)O,835.424,sec,RTIXKCRFFJGDFG-UHFFFAOYSA-N
BS547403,BS003731;BS003729;BS003728;BS003730,5281611,C1=CC(=CC=C1C2=C(C(=O)C3=C(O2)C=C(C=C3)O)O)O,478.2,sec,OBWHQJYOOCRPST-UHFFFAOYSA-N
BS334119,BS003184;BS003183;BS003181,5281612,COC1=C(C=C(C=C1)C2=CC(=O)C3=C(C=C(C=C3O2)O)O)O,634.2,sec,MBNGWHIJMBWFHU-UHFFFAOYSA-N
BS994778,BS003257;BS003259,5281613,C[C@H]1[C@@H]([C@H]([C@H]([C@@H](O1)OC[C@@H]2[C@H]([C@@H]([C@H]([C@@H](O2)OC3=CC(=C4C(=C3)OC(=CC4=O)C5=CC(=C(C=C5)OC)O)O)O)O)O)O)O)O,427.8,sec,GZSOSUNBTXMUFQ-YFAPSIMESA-N
BS417947,BS003353;BS003351,5281614,C1=CC(=C(C=C1C2=C(C(=O)C3=C(O2)C=C(C=C3)O)O)O)O,381.6,sec,XHEFDIBZLJXQHF-UHFFFAOYSA-N
BS263533,BS003694;BS003695;BS003697;BS003696,5281616,C1=CC=C(C=C1)C2=C(C(=O)C3=C(C=C(C=C3O2)O)O)O,868.2,sec,VCCRNZQBSJXYJD-UHFFFAOYSA-N
BS667062,BS003745;BS003746;BS003749;BS003748,5281617,COC1=CC(=C2C(=C1)OC(=CC2=O)C3=CC=C(C=C3)O)O,874.8,sec,JPMYFOBNRRGFNO-UHFFFAOYSA-N
BS038245,BS003616;BS003613;BS003614;BS003612,5281628,COC1=C(C=C2C(=C1O)C(=O)C=C(O2)C3=CC=C(C=C3)O)O,621.0,sec,IHFBPDAQLQOCBX-UHFFFAOYSA-N
BS321888,BS003222;BS003219;BS003220;BS003218;BS003221,5281666,COC1=CC=C(C=C1)C2=C(C(=O)C3=C(C=C(C=C3O2)O)O)O,882.6,sec,SQFSKOYWJBQGKQ-UHFFFAOYSA-N
BS923711,BS003338;BS003339,5281670,C1=CC(=C(C=C1O)O)C2=C(C(=O)C3=C(C=C(C=C3O2)O)O)O,414.0,sec,YXOLAZRVSSWPPT-UHFFFAOYSA-N
BS008053,BS003378;BS003379,5281672,C1=C(C=C(C(=C1O)O)O)C2=C(C(=O)C3=C(C=C(C=C3O2)O)O)O,364.2,sec,IKMDFBPHZNJCSN-UHFFFAOYSA-N
BS657560,BS003375;BS003372;BS003371;BS003373;BS003374,5281675,C1=CC(=C(C=C1C2=CC(=O)C3=C(O2)C(=C(C=C3O)O)[C@H]4[C@@H]([C@H]([C@@H]([C@H](O4)CO)O)O)O)O)O,255.6,sec,PLAPMLGJVGLZOV-VPRICQMDSA-N
BS605311,BS003433;BS003430;BS003432;BS003431,5281692,C1=CC2=C(C=C1O)OC(=C(C2=O)O)C3=CC(=C(C(=C3)O)O)O,279.0,sec,SOEDEYVDCDYMMH-UHFFFAOYSA-N
BS749065,BS003661;BS003664;BS003663;BS003662,5281697,C1=CC(=CC=C1C2=CC(=O)C3=C(C(=C(C=C3O2)O)O)O)O,427.8,sec,JVXZRQGOGOXCEC-UHFFFAOYSA-N
BS149014,BS003276;BS003277,5281701,C1=C(C=C(C(=C1O)O)O)C2=CC(=O)C3=C(C=C(C=C3O2)O)O,390.0,sec,ARSRJFRKVXALTF-UHFFFAOYSA-N
BS961350,BS003254;BS003252;BS003256;BS003251;BS003253,5281707,C1=CC2=C(C=C1O)OC3=C2C(=O)OC4=C3C=CC(=C4)O,580.2,sec,ZZIALNLLNHEQPJ-UHFFFAOYSA-N
BS555301,BS003043,5281708,C1=CC(=CC=C1C2=COC3=C(C2=O)C=CC(=C3)O)O,449.67,sec,ZQSIJRDFPHDXIC-UHFFFAOYSA-N
BS882305,BS003052;BS003053;BS003056;BS003055,5281804,COC1=CC(=C2C(=C1)OC=C(C2=O)C3=CC=C(C=C3)O)O,871.2,sec,KQMVAGISDHMXJJ-UHFFFAOYSA-N
BS047911,BS003051;BS003050,5281805,C1OC2=C(O1)C=C(C=C2)C3=COC4=C(C3=O)C=CC(=C4)O,684.6,sec,KNJNBKINYHZUGC-UHFFFAOYSA-N
BS375855,BS003332;BS003336;BS003337;BS003334,5281807,C1=CC(=CC=C1C2=COC3=C(C2=O)C=CC(=C3[C@H]4[C@@H]([C@H]([C@@H]([C@H](O4)CO)O)O)O)O)O,188.4,sec,HKEAFJYKMMKDOR-VPRICQMDSA-N
BS420688,BS003020,5281894,C1=CC=C(C=C1)C2=CC(=O)C3=C(O2)C=C(C=C3)O,674.776,sec,MQGPSCMMNJKMHQ-UHFFFAOYSA-N
BS057462,BS003548;BS003549;BS003547,5281954,COC1=CC(=C2C(=C1)OC(=CC2=O)C3=CC=CC=C3)O,1133.4,sec,IRZVHDLBAYNPCT-UHFFFAOYSA-N
BS483197,BS003035,5282073,C1=CC(=CC=C1C2=CC(=O)C3=C(O2)C=C(C=C3)O)O,430.725,sec,LCAWNFIFMLXZPQ-UHFFFAOYSA-N
BS131652,BS003480;BS003479;BS003478;BS003475;BS003477,5282102,C1=CC(=CC=C1C2=C(C(=O)C3=C(C=C(C=C3O2)O)O)O[C@H]4[C@@H]([C@H]([C@@H]([C@H](O4)CO)O)O)O)O,362.4,sec,JPUKWEQWGBDDQB-QSOFNFLRSA-N
BS971383,BS003720;BS003268;BS003717;BS003716;BS003719,5282150,C[C@H]1[C@@H]([C@H]([C@H]([C@@H](O1)O[C@@H]2[C@H]([C@@H]([C@H](O[C@H]2OC3=CC(=C4C(=C3)OC(=CC4=O)C5=CC=C(C=C5)O)O)CO)O)O)O)O)O,403.8,sec,RPMNUQRUHXIGHK-PYXJVEIZSA-N
BS216399,BS003984;BS003983;BS003987,5282457,CCCCC/C=C/C/C=C/CCCCCCCC(=O)O,1841.4,sec,OYHQOLUKZRVURQ-AVQMFFATSA-N
BS845093,BS004015;BS004014;BS004016,5282745,CCCCCC/C=C/CCCCCCCC(=O)O,1761.6,sec,SECPZKHBENQXJG-BQYQJAHWSA-N
BS683969,BS004007;BS004010;BS004008,5282796,CCCCCC/C=C/C=C/CCCCCCCC(=O)O,1852.8,sec,JBYXPOFIGCOSSB-XBLVEGMJSA-N
BS037335,BS004003;BS004002;BS004004,5282800,CCCCC/C=C\C=C\CCCCCCCCC(=O)O,1816.8,sec,GKJZMAHZJGSBKD-NMMTYZSQSA-N
BS638442,BS003736;BS003737;BS003733;BS003735,5284648,C1=CC(=C(C=C1C2=COC3=C(C2=O)C=CC(=C3)O)O)O,362.4,sec,DDKGKOOLFLYZDL-UHFFFAOYSA-N
BS021756,BS003284;BS003282;BS003285,5284649,C1=CC(=CC=C1C2=COC3=CC(=C(C=C3C2=O)O)O)O,392.4,sec,GYLUFQJZYAJQDI-UHFFFAOYSA-N
BS084156,BS004019;BS004017;BS004020,5312495,CCCCC/C=C\C/C=C\CC/C=C\CCCC(=O)O,1705.8,sec,HXQHFNIKBKZGRP-URPRIDOGSA-N
BS391367,BS003295;BS003293;BS003292,5317284,COC1=C(C=C2C(=C1O)C(=O)C=C(O2)C3=CC(=C(C=C3)O)O)O,528.0,sec,FHHSEFRSDKWJKJ-UHFFFAOYSA-N
BS905667,BS003853;BS003856;BS003854,5317435,C1=CC(=C(C=C1[C@@H]2[C@H](C(=O)C3=C(O2)C=C(C=C3)O)O)O)O,226.2,sec,FNUPUYFWZXZMIE-LSDHHAIUSA-N
BS919662,BS003690;BS003689;BS003692;BS003691;BS003688,5317750,COC1=C(C=C2C(=C1)C(=O)C(=CO2)C3=CC=C(C=C3)O)O,499.2,sec,DXYUAIFZCFRPTH-UHFFFAOYSA-N
BS020960,BS001028;BS001029,5318761,C[C@H]1[C@@H]([C@H]([C@H]([C@@H](O1)O[C@@H]2[C@H]([C@@H]([C@H](O[C@H]2OC3=C(OC4=CC(=CC(=C4C3=O)O)O)C5=CC=C(C=C5)O)CO)O)O)O)O)O,313.2,sec,OHOBPOYHROOXEI-JWMUNMLDSA-N
BS347148,BS003280;BS003279,5318767,C[C@H]1[C@@H]([C@H]([C@H]([C@@H](O1)OC[C@@H]2[C@H]([C@@H]([C@H]([C@@H](O2)OC3=C(OC4=CC(=CC(=C4C3=O)O)O)C5=CC=C(C=C5)O)O)O)O)O)O)O,351.6,sec,RTATXGUCZHCSNG-QHWHWDPRSA-N
BS456780,BS003782;BS003781;BS003784;BS003779;BS003783,5318997,C[C@H]1[C@@H]([C@H]([C@H]([C@@H](O1)OC2=C(OC3=C(C2=O)C(=CC(=C3CC=C(C)C)O[C@H]4[C@@H]([C@H]([C@@H]([C@H](O4)CO)O)O)O)O)C5=CC=C(C=C5)OC)O)O)O,732.0,sec,TZJALUIVHRYQQB-XLRXWWTNSA-N
BS060352,BS003262,5319116,C1=CC(=C(C=C1C2=CC(=O)C3=C(C=C(C=C3O2)O)O)O)O[C@H]4[C@@H]([C@H]([C@@H]([C@H](O4)CO)O)O)O,375.6,sec,UHNXUSWGOJMEFO-QNDFHXLGSA-N
BS780333,BS003966;BS003963;BS003964;BS003965;BS003961,5320315,COC1=C(C=C2C(=C1O)C(=O)C=C(O2)C3=CC=CC=C3)O,807.6,sec,LKOJGSWUMISDOF-UHFFFAOYSA-N
BS258974,BS003233;BS003232;BS003231,5320686,C1=CC(=CC=C1/C=C/C(=O)OC[C@@H]2[C@H]([C@@H]([C@H]([C@@H](O2)OC3=C(OC4=CC(=CC(=C4C3=O)O)O)C5=CC=C(C=C5)O)O)O)O)O,546.0,sec,DVGGLGXQSFURLP-VWMSDXGPSA-N
BS167261,BS003645;BS003646;BS003649;BS003244;BS003245;BS003243;BS003246;BS003648;BS003650,5320693,COC1=CC=C(C=C1)C2=CC(=O)C3=C(O2)C=C(C=C3)O,691.8,sec,SQVXWIUVAILQRH-UHFFFAOYSA-N
BS123016,BS003313;BS003311;BS003312;BS003310,5320844,C1=CC(=C(C=C1C2=C(C(=O)C3=C(C=C(C=C3O2)O)O)O)O)O[C@H]4[C@@H]([C@H]([C@@H]([C@H](O4)CO)O)O)O,375.0,sec,OIUBYZLTFSLSBY-HMGRVEAOSA-N
BS635200,BS001131,5322022,COC1=CC(=CC(=C1O)OC)C2=CC(=O)C3=C(C=C(C=C3O2)O[C@H]4[C@@H]([C@H]([C@@H]([C@H](O4)CO)O)O)O)O,433.2,sec,JGXFMIJHKASCIZ-LDBVRRDLSA-N
BS751502,BS003815;BS003813;BS003814;BS003812,5331295,COC1=CC=C(C=C1)/C=C/C(=O)C2=CC=CC=C2O,1221.0,sec,NXBNYUSXDBHELA-DHZHZOJOSA-N
BS785416,BS003775;BS003778;BS003777,5376979,C1=CC=C(C=C1)/C=C/C(=O)C2=C(C=C(C=C2)O)O,984.0,sec,JUMSUVHHUVPSOY-RMKNXTFCSA-N
BS550166,BS003494;BS003498;BS003499;BS003497,5378210,COC1=CC=CC=C1C2=CC(=O)C3=C(C=C(C=C3O2)O)O,871.2,sec,SWYVZKGICYEZDR-UHFFFAOYSA-N
BS605620,BS003751;BS003750;BS003755;BS003753;BS003578;BS003583;BS003757;BS003756;BS003579;BS003577;BS003584,5378518,COC1=C(C=C(C=C1)C2=CC(=O)C3=C(O2)C=C(C=C3)O)OC,744.0,sec,MEDOAKSPIIOKFU-UHFFFAOYSA-N
BS055141,BS003808;BS003809;BS003810,5380645,COC1=CC(=C(C=C1)C(=O)/C=C/C2=CC=CC=C2)O,1254.6,sec,GUNGQVJAKLIYDG-JXMROGBWSA-N
BS468280,BS003417;BS003421;BS003419;BS003420;BS003422,5391150,COC1=CC=CC=C1C2=CC(=O)C3=C(O2)C=C(C=C3)O,713.4,sec,PFEQKIBOPJQNBI-UHFFFAOYSA-N
BS541327,BS003585;BS003586;BS003587,5393153,COC1=CC=CC(=C1)C2=CC(=O)C3=C(O2)C=C(C=C3)O,720.6,sec,PTXIWVJSAQPKEY-UHFFFAOYSA-N
BS638296,BS003296,5393164,C1=CC2=C(C=C1O)OC(=CC2=O)C3=CC(=C(C(=C3)O)O)O,276.0,sec,CCCIGFPBADVTFE-UHFFFAOYSA-N
BS979766,BS003762;BS003760;BS003761;BS003759;BS003758,5393174,COC1=CC=C(C=C1)C2=CC3=C(C=C(C=C3)O)OC2=O,808.2,sec,VGYCHSOZFBOOKO-UHFFFAOYSA-N
BS390933,BS003595;BS003598;BS003596;BS003600;BS003599,5458461,CC(C)/C=C/C1=C(C=C2C(=C1O)C(=O)C(=C(O2)C3=C(C=C(C=C3)O)O)CC=C(C)C)OC,1596.0,sec,KRGDFVQWQJIMEK-RMKNXTFCSA-N
BS323520,BS001025,5486199,C[C@H]1[C@@H]([C@H]([C@H]([C@@H](O1)OC2=CC(=C3C(=C2)OC(=C(C3=O)O[C@H]4[C@@H]([C@@H]([C@H]([C@@H](O4)C)O)O)O)C5=CC=C(C=C5)O)O)O)O)O,208.8,sec,PUPKKEQDLNREIM-QNSQPKOQSA-N
BS446796,BS003238;BS003236;BS003234;BS003235,5490298,C1=CC(=C(C=C1C2=CC(=O)C3=C(C=C(C=C3O2)O[C@H]4[C@@H]([C@H]([C@@H]([C@H](O4)CO)O)O)O)O)O[C@H]5[C@@H]([C@H]([C@@H]([C@H](O5)CO)O)O)O)O,288.0,sec,BISZYPSIZGKOFA-IPOZFMEPSA-N
BS264504,BS001032;BS001031,5491657,C[C@H]1[C@@H]([C@H]([C@H]([C@@H](O1)O[C@@H]2[C@H]([C@@H]([C@H](O[C@H]2OC3=C(OC4=CC(=CC(=C4C3=O)O)O)C5=CC(=C(C=C5)O)O)CO)O)O)O)O)O,259.2,sec,FYBMGZSDYDNBFX-GXPPAHCZSA-N
BS478585,BS003765;BS003764;BS003766;BS003768;BS003767,5986673,COC1=CC(=C(C(=C1)OC)C(=O)/C=C/C2=CC=C(C=C2)O)OC,742.2,sec,ZWNLSRDFHQCTQW-RMKNXTFCSA-N
BS692859,BS003893;BS003895;BS003891;BS003894,6419835,C1[C@H]([C@@H](OC2=CC(=CC(=C21)O)O)C3=CC(=C(C=C3)O)O)OC(=O)C4=CC(=C(C(=C4)O)O)O,283.8,sec,LSHVYAFMTMFKBA-CTNGQTDRSA-N
BS161776,BS003120,6443339,CC(=CCC1=C(C=C(C(=C1O)C(=O)/C=C/C2=CC=C(C=C2)O)O)O)C,1126.2,sec,FUSADYLVRMROPL-UXBLZVDNSA-N
BS542341,BS003186;BS003190;BS003189;BS003187;BS003185,6918774,C[C@@H]1CC[C@@]2(CC[C@@]3(C(=CC[C@H]4[C@]3(CC[C@@H]5[C@@]4(C[C@H]([C@@H](C5(C)C)O)O)C)C)[C@@H]2[C@H]1C)C)C(=O)O,1407.0,sec,HFGSQOYIOKBQOW-ZSDYHTTISA-N
BS331567,BS003225;BS003229;BS003226;BS003224;BS003228,9851181,C[C@H]1[C@@H]([C@H]([C@H]([C@@H](O1)OC[C@@H]2[C@H]([C@@H]([C@H]([C@@H](O2)OC3=CC(=C4C(=C3)OC(=CC4=O)C5=CC=C(C=C5)O)O)O)O)O)O)O)O,384.6,sec,FKIYLTVJPDLUDL-SLNHTJRHSA-N
BS377823,BS003217;BS003216;BS003215;BS003213,10001495,CC(=CCC/C(=C/CC1=C(C=C2C(=C1O)C(=O)CC(O2)C3=CC=C(C=C3)O)O)/C)C,1495.2,sec,XYIQIBWIEGCVQY-FRKPEAEDSA-N
BS287658,BS003842;BS003845;BS003843;BS003844;BS003841,10095180,C1=CC(=CC=C1C2=C(C(=O)C3=C(C=C(C=C3O2)O[C@H]4[C@@H]([C@H]([C@@H]([C@H](O4)CO)O)O)O)O)O)O,377.4,sec,YPWHZCPMOQGCDQ-HMGRVEAOSA-N
BS206881,BS003441;BS003437;BS003442;BS003443;BS003438;BS003434;BS003440;BS003439;BS003435;BS003436,10095770,COC1=CC=C(C=C1)C2=COC3=CC(=C(C=C3C2=O)OC)O[C@H]4[C@@H]([C@H]([C@@H]([C@H](O4)CO)O)O)O,505.8,sec,YLYJXNTZVUEFJZ-DODNOZFWSA-N
BS461595,BS001129;BS001130,10440875,C[C@H]1[C@@H]([C@H]([C@H]([C@@H](O1)O[C@@H]2[C@H]([C@H]([C@H](O[C@H]2O[C@@H]3[C@H]([C@@H]([C@H](O[C@H]3O[C@H]4CC[C@]5(C([C@@]4(C)CO)CC[C@@]6(C5CC=C7[C@]6(CC[C@@]8([C@H]7CC(CC8=O)(C)C)C)C)C)C)C(=O)O)O)O)CO)O)O)O)O)O,1123.2,sec,CROUPKILZUPLQA-SXXIBTJASA-N
BS038442,BS003504;BS003509;BS003507;BS003505;BS003508,10970376,COC1=CC(=C2C(=C1)OC(=CC2=O)C3=CC(=C(C(=C3)OC)OC)OC)O,1108.2,sec,FLCVGMVLNHYJAW-UHFFFAOYSA-N
BS081455,BS001057,11005824,CCCCC/C=C\C/C=C\CCCCCCCC(=O)OC[C@H](COP(=O)([O-])OCC[N+](C)(C)C)O,1397.4,sec,SPJFYYJXNPEZDW-FTJOPAKQSA-N
BS272505,BS003946;BS003945;BS003943;BS003948;BS003947,11250133,C1[C@@H]([C@H](OC2=C1C(=CC(=C2[C@@H]3[C@H]([C@H](OC4=CC(=CC(=C34)O)O)C5=CC(=C(C=C5)O)O)O)O)O)C6=CC(=C(C=C6)O)O)O,106.2,sec,XFZJEEAOWLFHDH-UKWJTHFESA-N
BS924997,BS003540;BS003546;BS003545;BS003544;BS003541,11282394,C1=CC(=C(C=C1CCC(=O)C2=C(C(=C(C=C2O)O)[C@H]3[C@@H]([C@H]([C@@H]([C@H](O3)CO)O)O)O)O)O)O,279.6,sec,VCPUQYKWJRESOC-VJXVFPJBSA-N
BS382697,BS001168,11294177,COC1=C(C=CC(=C1)C2=CC(=O)C3=C(C=C(C=C3O2)O[C@H]4[C@@H]([C@H]([C@@H]([C@H](O4)CO)O)O)O)O)O,424.8,sec,GAMYVSCDDLXAQW-MIUGBVLSSA-N
BS947454,BS001040,11953815,COC1=CC(=CC(=C1O)OC)/C=C/C(=O)O[C@@H](CC(=O)O)C(=O)O,296.4,sec,DUDGAPSRYCQPBG-UFFNRZRYSA-N
BS997051,BS003166;BS003163;BS003165;BS003164;BS003162,12308659,C[C@@H]1CC[C@@]2(CC[C@@]3(C(=CC[C@H]4[C@]3(CC[C@@H]5[C@@]4(C[C@H]([C@H]([C@]5(C)CO)O)O)C)C)[C@@H]2[C@H]1C)C)C(=O)O,1134.0,sec,JXSVIVRDWWRQRT-UMCOSQRYSA-N
BS811223,BS003493;BS003491;BS003490,12314367,C1C(OC2=CC(=C(C=C2C1=O)O)O)C3=CC(=C(C=C3)O)O,264.0,sec,ZIKILYZOICUSQT-UHFFFAOYSA-N
BS308602,BS003700;BS003703;BS003699;BS003698;BS003701,13878151,C[C@]12CC[C@@H]([C@@]([C@@H]1CC[C@@]3([C@@H]2CC=C4[C@]3(CC[C@@]5([C@H]4CC(CC5)(C)C)C(=O)O)C)C)(C)CO)O[C@H]6[C@@H]([C@H]([C@H](CO6)O)O)O[C@H]7[C@@H]([C@H]([C@@H]([C@H](O7)CO)O)O)O,1099.2,sec,RROGHRHLBLVQSG-UUWFFIQNSA-N
BS346769,BS003538;BS003537,14466293,COC1=C(C=C(C=C1)C2CC(=O)C3=C(C=C(C=C3O2)O)O)OC,742.2,sec,HRFSSDXPHTZMLA-UHFFFAOYSA-N
BS352940,BS003200;BS003198;BS003192;BS003196;BS003193;BS003191;BS003202;BS003195;BS003199;BS003201,15917998,C[C@@H]1CC[C@@]2(CC[C@@]3(C(=CC[C@H]4[C@]3(CC[C@@H]5[C@@]4(C[C@H]([C@H](C5(C)C)O)O)C)C)[C@@H]2[C@H]1C)C)C(=O)O,1355.4,sec,HFGSQOYIOKBQOW-RFMFWNHYSA-N
BS275521,BS001026,15953752,C[C@H]1[C@@H]([C@H]([C@H]([C@@H](O1)OC2=CC(=C3C(=C2)OC(=C(C3=O)O[C@H]4[C@@H]([C@@H]([C@H]([C@@H](O4)C)O)O)O)C5=CC(=C(C=C5)O)O)O)O)O)O,304.2,sec,GXLQUHPXGLZNGE-BJBZVNFPSA-N
BS517664,BS001015;BS001013;BS001012,23724663,COC1=CC=C(C=C1)C2=COC3=C(C2=O)C=CC(=C3)O[C@H]4[C@@H]([C@H]([C@@H]([C@H](O4)COC(=O)CC(=O)O)O)O)O,575.4,sec,RDTAGQKYPGLCBK-GOZZSVHWSA-N
BS324310,BS001022;BS001021,23724665,COC1=CC2=C(C=C1)[C@@H]3COC4=C([C@@H]3O2)C=CC(=C4)O[C@H]5[C@@H]([C@H]([C@@H]([C@H](O5)COC(=O)CC(=O)O)O)O)O,652.8,sec,BQAJKXKYTQTBDK-PCHDOLKHSA-N
BS857724,BS001063,24779469,CC/C=C\C/C=C\C/C=C\CCCCCCCC(=O)OC[C@H](COP(=O)([O-])OCC[N+](C)(C)C)O,1293.6,sec,WKQNRCYKYCKESD-YVHLTTHBSA-N
BS878614,BS001019,44715452,C[C@H]1[C@@H]([C@H]([C@H]([C@@H](O1)O[C@@H]2[C@H]([C@H]([C@H](O[C@H]2O[C@@H]3[C@H]([C@@H]([C@H](O[C@H]3O[C@H]4CC[C@]5(C([C@@]4(C)CO)CC[C@@]6(C5CC=C7[C@]6(CC[C@@]8([C@H]7CC(C[C@H]8O)(C)C)C)C)C)C)C(=O)O)O)O)CO)O)O)O)O)O,1044.6,sec,PTDAHAWQAGSZDD-VJQGOKKYSA-N
BS895847,BS001218,49800176,COC1=CC(=CC(=C1O)OC)C2=CC(=O)C3=C(C=C(C=C3O2)O)O[C@H]4[C@@H]([C@H]([C@@H]([C@H](O4)CO)O)O)O,375.6,sec,FLSOTPIEFVBPBU-LDBVRRDLSA-N
BS351099,BS001111,51136552,C[C@@]12CC[C@@]3(C(=CCC4[C@]3(CCC5[C@@]4(CC[C@@H]([C@]5(C)CO)O[C@H]6[C@@H]([C@H]([C@@H]([C@H](O6)C(=O)O)O)O)O)C)C)[C@@H]1CC(C[C@H]2O)(C)C)C,1165.8,sec,NARQRJFIZNOSJV-JMMGJMLBSA-N
BS740460,BS003706;BS003709;BS003707;BS003708;BS003705,52912190,C[C@@H]1CC[C@@]2(CC[C@@]3(C(=CC[C@H]4[C@]3(CC[C@@H]5[C@@]4(C[C@H]([C@@H]([C@@]5(C)CO)O)O)C)C)[C@@H]2[C@H]1C)C)C(=O)O[C@H]6[C@@H]([C@H]([C@@H]([C@H](O6)CO[C@H]7[C@@H]([C@H]([C@@H]([C@H](O7)CO)O[C@H]8[C@@H]([C@@H]([C@H]([C@H](O8)C)O)O)O)O)O)O)O)O,663.0,sec,WYQVAPGDARQUBT-JVGKFWCXSA-N
BS201601,BS001058,52925130,CCCCC/C=C\C/C=C\CCCCCCCC(=O)OC[C@H](COP(=O)(O)OCCN)O,1389.6,sec,DBHKHNGBVGWQJE-USWSLJGRSA-N
BS269732,BS003147;BS003143;BS003144;BS003148;BS003145;BS003146,52982847,C[C@@H]1CC[C@@]2(CC[C@@]3(C(=CC[C@H]4[C@]3(CCC5[C@@]4(CC(C(C5(C)CO)O)O)C)C)[C@@H]2[C@H]1C)C)C(=O)O,1143.0,sec,JXSVIVRDWWRQRT-VULHWTOISA-N
BS217236,BS001050,53480926,CCCCC/C=C\C/C=C\CCCCCCCC(=O)O[C@H](CO)COP(=O)(O)OCCN,1353.6,sec,SVRBKLJIDJHADS-USWSLJGRSA-N
BS573805,BS001052,53480928,CC/C=C\C/C=C\C/C=C\CCCCCCCC(=O)O[C@H](CO)COP(=O)(O)OCCN,1250.4,sec,JGWWMNVPHKMUCV-WOBXFXBNSA-N
BS348542,BS003291;BS003289;BS003290;BS003286,54710971,CC1=CC(=C2C(=C1)C(=CC(=O)O2)O)C,669.0,sec,HVHIQQVTLCUBKA-UHFFFAOYSA-N
BS245940,BS003153;BS003157;BS003159;BS003156;BS003154;BS003151;BS003158;BS003150;BS003152;BS003160,69049736,C[C@@H]1CC[C@@]2(CC[C@@]3(C(=CC[C@H]4[C@]3(CC[C@@H]5[C@@]4([C@@H]([C@H]([C@H]([C@]5(C)CO)O)O)O)C)C)[C@@H]2[C@H]1C)C)C(=O)O,1049.4,sec,NFPZOORPDJBGME-LCRJMXSQSA-N
BS565146,BS001054,71768169,CCCCC/C=C\C/C=C\CCCCCCCC(=O)O[C@H](CO)COP(=O)([O-])OCC[N+](C)(C)C,1361.4,sec,LSUXCWJOIAWGOU-FTJOPAKQSA-N
BS859075,BS003817;BS003818;BS003819,91196552,C1[C@H](OC2=C(C1=O)C=CC(=C2O)O)C3=CC(=C(C=C3)O)O,262.2,sec,ZPVNWCMRCGXRJD-ZDUSSCGKSA-N
BS496429,BS001173,101350244,COC1=CC=C(C=C1)C2=COC3=C(C2=O)C=CC(=C3)O[C@H]4[C@@H]([C@H]([C@@H]([C@H](O4)CO)OC(=O)CC(=O)O)O)O,550.8,sec,QMHKWODSZRYFTD-FSIWAFGDSA-N
BS851187,BS001010,101401716,CCCCC[C@H](C=C)O[C@H]1[C@@H]([C@H]([C@@H]([C@H](O1)CO[C@H]2[C@@H]([C@H]([C@H](CO2)O)O)O)O)O)O,524.4,sec,VXNMHZVTDWLWRX-GNRUMFBNSA-N
BS044237,BS001211,101643968,C[C@H]1[C@@H]([C@H]([C@H]([C@@H](O1)O[C@@H]2[C@H]([C@H](CO[C@H]2O[C@@H]3[C@H]([C@@H]([C@H](O[C@H]3O[C@H]4CC[C@]5([C@H]([C@@]4(C)CO)CC[C@@]6([C@@H]5CC=C7[C@]6(CC[C@@]8([C@H]7CC(C[C@H]8OC9CC(=O)C(=C(O9)C)O)(C)C)C)C)C)C)C(=O)O)O)O)O)O)O)O)O,1144.8,sec,VWKBHQGCNGULAZ-SKAPVUIPSA-N
BS271165,BS003530;BS003529,101834057,COC1=C(C=C(C=C1)C2CC(=O)C3=C(O2)C=CC=C3O)OC,974.4,sec,GREZGBHTSQIMAQ-UHFFFAOYSA-N
BS229329,BS001219;BS001220,101939793,COC1=CC(=CC(=C1O)OC)C2=CC(=O)C3=C(C=C(C=C3O2)O[C@H]4[C@@H]([C@H]([C@@H]([C@H](O4)C(=O)O)O)O)O)O,426.6,sec,HJWFFBNADKDQPV-KHYDEXNFSA-N
BS308439,BS003626,102004611,COC1=CC=C(C=C1)[C@@H]2CC(=O)C3=C(C=C(C=C3O2)O[C@H]4[C@@H]([C@H]([C@@H]([C@H](O4)CO)O)O)O)O,603.0,sec,KEEWIHDTSNESJZ-ZJHVPRRPSA-N
BS304349,BS003628;BS003633;BS003630;BS003632,102004611,COC1=CC=C(C=C1)[C@@H]2CC(=O)C3=C(C=C(C=C3O2)O[C@H]4[C@@H]([C@H]([C@@H]([C@H](O4)CO)O)O)O)O,603.0,sec,KEEWIHDTSNESJZ-ZJHVPRRPSA-N
BS632323,BS003623;BS003624;BS003635;BS003631;BS003625;BS003621,102004611,COC1=CC=C(C=C1)[C@@H]2CC(=O)C3=C(C=C(C=C3O2)O[C@H]4[C@@H]([C@H]([C@@H]([C@H](O4)CO)O)O)O)O,603.0,sec,KEEWIHDTSNESJZ-ZJHVPRRPSA-N
BS419908,BS003637;BS003627;BS003638;BS003618;BS003636;BS003629;BS003622;BS003619,102004611,COC1=CC=C(C=C1)[C@@H]2CC(=O)C3=C(C=C(C=C3O2)O[C@H]4[C@@H]([C@H]([C@@H]([C@H](O4)CO)O)O)O)O,603.0,sec,KEEWIHDTSNESJZ-ZJHVPRRPSA-N
BS604118,BS001227,102152390,C1=CC(=CC=C1C2=CC(=O)C3=C(C=C(C=C3O2)O[C@H]4[C@@H]([C@H]([C@@H]([C@H](O4)C(=O)O)O)O)O)O)O[C@H]5[C@@H]([C@H]([C@@H]([C@H](O5)C(=O)O)O)O)O,228.6,sec,QBUOTXXACHDTNW-MWBUVXCNSA-N
BS883490,BS003572,129685457,C1C(OC2=C(C=CC(=C2C1=O)O)O)C3=CC=CC=C3,750.0,sec,JJRIYFGZKRETII-UHFFFAOYSA-N
BS782853,BS003534;BS003533,133052631,COC1=C(C=C(C=C1)C2CC(=O)C3=C(O2)C=CC(=C3O)O)OC,700.8,sec,IXPQVGYEEBKAPR-UHFFFAOYSA-N
BS751359,BS003589;BS003590,133052632,COC1=C2C(=O)CC(OC2=C(C=C1)O)C3=CC=CC=C3,576.0,sec,QKKLESZITVHFQP-UHFFFAOYSA-N
BS493165,BS001009,134717726,C[C@H]1[C@@H]([C@H]([C@H]([C@@H](O1)O[C@@H]2[C@H]([C@H](CO[C@H]2OC(=O)[C@@]34CC[C@@]5(C(=CCC6[C@]5(CCC7[C@@]6(C[C@@H]([C@@H]([C@@]7(C)C(=O)O)O[C@H]8[C@@H]([C@H]([C@@H]([C@H](O8)CO)O)O)O)O)C)C)[C@@H]3CC(CC4)(C)C)C)O)O)O)O[C@H]9[C@@H]([C@](CO9)(CO)O)O)O[C@H]1[C@@H]([C@H]([C@@H](CO1)O)O)O,808.2,sec,ADIBRWUTYMYVDH-DUIVSVLLSA-N
BS347291,BS001190,134720214,C[C@H]1[C@@H]([C@H]([C@H]([C@@H](O1)O[C@@H]2[C@H]([C@H](CO[C@H]2OC(=O)[C@@]34CC[C@@]5(C(=CCC6[C@]5(CCC7[C@@]6(C[C@@H]([C@@H]([C@@]7(C)C(=O)O)O[C@H]8[C@@H]([C@H]([C@@H]([C@H](O8)CO)O)O)O[C@H]9[C@@H]([C@H]([C@@H]([C@H](O9)CO)O)O)O[C@H]1[C@@H]([C@H]([C@@H]([C@H](O1)CO)O)O)O)O)C)C)[C@@H]3CC(CC4)(C)C)C)O)O)O)O)O[C@H]1[C@@H]([C@H]([C@@H](CO1)O)O)O,768.6,sec,BAMZIPMKRIZGEQ-RVVSSWROSA-N
BS811783,BS001207;BS001208,134720718,C[C@H]1[C@@H]([C@H]([C@H]([C@@H](O1)O[C@@H]2[C@H]([C@H](CO[C@H]2OC(=O)[C@]34CCC(C[C@H]3C5=CCC6[C@]([C@@]5(C[C@H]4O)C)(CCC7[C@@]6(C[C@@H]([C@@H]([C@@]7(C)C(=O)O)O[C@H]8[C@@H]([C@H]([C@@H]([C@H](O8)CO)O)O[C@H]9[C@@H]([C@H]([C@@H]([C@H](O9)CO)O)O)O)O)O)C)C)(C)C)O)O)O)O)OC(=O)C,806.4,sec,BFDLDIKIPJXHON-QLFUKLNHSA-N
BS861224,BS001196,134722322,C1C(C(=O)C2=C(O1)C=C(C=C2)O)(C3=CC=C(C=C3)O)O[C@H]4[C@@H]([C@H]([C@@H]([C@H](O4)CO)O)O)O,225.72,sec,BTODFHHNMFOZHK-FEUJFKKFSA-N
BS001896,BS001037,134726255,C[C@H]1[C@@H]([C@H]([C@H]([C@@H](O1)O[C@@H]2[C@H]([C@@H]([C@H](O[C@H]2OC3=C(OC4=CC(=CC(=C4C3=O)O)O[C@H]5[C@@H]([C@H]([C@@H]([C@@H](O5)C)O)O)O)C6=CC=C(C=C6)O)CO)O)O)O)O)O,237.0,sec,DDELFAUOHDSZJL-NISQZGKJSA-N
BS220214,BS001095,134728632,COC1=C(C=CC(=C1)/C=C/C(=O)O[C@@H]2[C@H]([C@@H]([C@H](O[C@H]2O[C@@H]3[C@H]([C@@H]([C@H](O[C@H]3OC4=CC=C(C=C4)C5=CC(=O)C6=C(C=C(C=C6O5)O)O)C(=O)O)O)O)C(=O)O)O)O[C@H]7[C@@H]([C@H]([C@@H]([C@H](O7)C(=O)O)O)O)O)O,410.4,sec,DZQSHMPRUIQXPF-LDHFKLKISA-N
BS576415,BS001198,134731816,C[C@@]12CCC3[C@@](C1CC=C4[C@]2(CC[C@@]5([C@H]4CC(CC5)(C)C)C(=O)O[C@H]6[C@@H]([C@H]([C@@H]([C@H](O6)CO)O)O)O)C)(C[C@@H]([C@@H]([C@@]3(C)CO)O[C@H]7[C@@H]([C@H]([C@@H](CO7)O)OC(=O)CC(=O)O)O)O)C,789.42,sec,GCLVKIXOISSSOM-HUSOEYKKSA-N
BS107651,BS001127;BS001126,134733135,C[C@]12CC[C@@H]([C@@](C1CC[C@@]3(C2CC=C4[C@]3(CC[C@@]5([C@H]4CC(CC5)(C)C)C(=O)O[C@H]6[C@@H]([C@H]([C@@H]([C@H](O6)CO)O)O)O)C)C)(C)CO)O[C@H]7[C@@H]([C@H]([C@@H]([C@H](O7)CO)O)O)O[C@H]8[C@@H]([C@H]([C@@H]([C@H](O8)CO)O)O)O,789.6,sec,GOIICROVOYDKKG-RMOCACDQSA-N
BS245267,BS001205,134734008,C[C@H]1[C@@H]([C@H]([C@H]([C@@H](O1)O[C@@H]2[C@H]([C@H](CO[C@H]2OC(=O)[C@]34CCC(C[C@H]3C5=CCC6[C@]([C@@]5(C[C@H]4O)C)(CCC7[C@@]6(C[C@@H]([C@@H]([C@@]7(C)C(=O)O)O[C@H]8[C@@H]([C@H]([C@@H]([C@H](O8)CO)O)O[C@H]9[C@@H]([C@H]([C@@H]([C@H](O9)CO)O)O)O)O)O)C)C)(C)C)O)O)O)O)O[C@H]1[C@@H]([C@H]([C@@H](CO1)O)O)O,699.0,sec,GXDXOYYVPOQAPN-NVEWTADNSA-N
BS800615,BS003408;BS003405;BS003404;BS003407;BS003406,134737391,C[C@@H]1[C@H]([C@@H]([C@@H]([C@@H](O1)O[C@H]2[C@@H]([C@@H](CO[C@@H]2O[C@H]3[C@@H]([C@H]([C@@H](OC3O[C@H]4CC[C@]5([C@H]([C@@]4(C)CO)CC[C@@]6([C@@H]5CC=C7[C@]6(CC[C@@]8([C@H]7CC(C[C@H]8O)(C)C)C)C)C)C)C(=O)O)O)O)O)O)O)O)O,1072.8,sec,IBZLICPLPYSFNZ-NKWBMYJBSA-N
BS398201,BS001225,134738931,C[C@H]1[C@@H]([C@H]([C@H]([C@@H](O1)O[C@@H]2[C@H]([C@H](CO[C@H]2OC(=O)[C@@]34CC[C@@]5(C(=CCC6[C@]5(CCC7[C@@]6(C[C@@H]([C@@H]([C@@]7(C)C(=O)O)O[C@H]8[C@@H]([C@H]([C@@H]([C@H](O8)C(=O)O)O)OC(=O)CC(=O)O)O)O)C)C)[C@@H]3CC(CC4)(C)C)C)O)O)O)O)O[C@H]9[C@@H]([C@H]([C@@H](CO9)O)O)O,837.6,sec,IPLMQKWUDWDMPO-USYHJYQFSA-N
BS242401,BS001186;BS001187,134740410,C[C@H]1[C@@H]([C@H]([C@H]([C@@H](O1)O[C@@H]2[C@H]([C@H](CO[C@H]2OC(=O)[C@@]34CC[C@@]5(C(=CCC6[C@]5(CCC7[C@@]6(C[C@@H]([C@@H]([C@@]7(C)C(=O)O)O[C@H]8[C@@H]([C@H]([C@@H]([C@H](O8)CO)O)O)O[C@H]9[C@@H]([C@H]([C@@H]([C@H](O9)CO)O)O)O[C@H]1[C@@H]([C@H]([C@@H]([C@H](O1)CO)O)O)O)O)C)C)[C@@H]3CC(CC4)(C)C)C)O)O)O)O[C@H]1[C@@H]([C@H]([C@H](CO1)O)O)O)O[C@H]1[C@@H]([C@H]([C@@H](CO1)O)O)O,760.8,sec,OMLTZGGUOLBXJO-WLPKCRDHSA-N
BS159607,BS001112,134741655,CC1=C(C(=O)C[C@H](O1)O[C@@H]2CC(C[C@@H]3[C@]2(CC[C@@]4(C3=CCC5[C@]4(CCC6[C@@]5(CC[C@@H]([C@]6(C)CO)O[C@H]7[C@@H]([C@H]([C@@H]([C@H](O7)C(=O)O)O)O)O)C)C)C)C)(C)C)O,1300.8,sec,JNXGVLRHSYOTKM-AIGSDHBOSA-N
BS831776,BS001159;BS001158,134746405,C[C@@]12CCC3[C@@](C1CC=C4[C@]2(CC[C@@]5([C@H]4CC(CC5)(C)C)C(=O)O[C@H]6[C@@H]([C@H]([C@@H]([C@H](O6)CO)O)O)O)C)(C[C@@H]([C@@H]([C@@]3(C)C(=O)O)O[C@H]7[C@@H]([C@H]([C@@H]([C@H](O7)CO)O)O)O)O)C,778.2,sec,LFWLYNKBYSIXAH-UFPRFPELSA-N
BS197629,BS001091,134747236,COC1=C(C=CC(=C1)/C=C\C(=O)O[C@@H]2[C@H]([C@@H]([C@H](O[C@H]2O[C@@H]3[C@H]([C@@H]([C@H](O[C@H]3OC4=CC=C(C=C4)C5=CC(=O)C6=C(C=C(C=C6O5)O)O)C(=O)O)O)O)C(=O)O)O)O)O,540.6,sec,LNCLTICCQWMCNS-LDTVNHGTSA-N
BS064281,BS001087,134747237,COC1=C(C=CC(=C1)/C=C/C(=O)O[C@@H]2[C@H]([C@@H]([C@H](O[C@H]2O[C@@H]3[C@H]([C@@H]([C@H](O[C@H]3OC4=CC=C(C=C4)C5=CC(=O)C6=C(C=C(C=C6O5)O)O)C(=O)O)O)O)C(=O)O)O)O)O,466.8,sec,LNCLTICCQWMCNS-OJBICJBZSA-N
BS426991,BS001139;BS001138,134749305,C[C@]12CC[C@@H]([C@@](C1CC[C@@]3(C2CC=C4[C@]3(CC[C@@]5([C@H]4CC(CC5)(C)C)C(=O)O[C@H]6[C@@H]([C@H]([C@@H]([C@H](O6)CO)O)O)O)C)C)(C)CO)O[C@H]7[C@@H]([C@H]([C@H](CO7)O)O)C[C@H]8[C@@H]([C@H]([C@@H]([C@H](O8)CO)O)O)O,875.4,sec,MFUIQYJWLPDASM-JVXCVNMSSA-N
BS600662,BS001005;BS001006,134750150,C[C@H]1[C@@H]([C@H]([C@H]([C@@H](O1)O[C@@H]2[C@H]([C@H](CO[C@H]2OC(=O)[C@@]34CC[C@@]5(C(=CCC6[C@]5(CCC7[C@@]6(C[C@@H]([C@@H]([C@@]7(C)C(=O)O)O[C@H]8[C@@H]([C@H]([C@@H]([C@H](O8)C(=O)O)O)O)O)O)C)C)[C@@H]3CC(CC4)(C)C)C)O)O)O)O[C@H]9[C@@H]([C@](CO9)(CO)O)O)O[C@H]1[C@@H]([C@H]([C@@H](CO1)O)O)O,786.6,sec,MOBNVBHCGSZLDY-VBYBTYMUSA-N
BS059184,BS001151;BS001152,134751054,C[C@@]12CCC3[C@@](C1CC=C4[C@]2(CC[C@@]5([C@H]4CC(CC5)(C)C)C(=O)O[C@H]6[C@@H]([C@H]([C@@H]([C@H](O6)CO)O)O)O)C)(C[C@@H]([C@@H]([C@@]3(C)CO)O[C@H]7[C@@H]([C@H]([C@@H]([C@H](O7)CO)O)O[C@H]8[C@@H]([C@H]([C@@H]([C@H](O8)CO)O)O)O)O)O)C,743.4,sec,MWAZVBLWMOGSFL-IRLZNWNJSA-N
BS627658,BS003726;BS003723;BS003725;BS003722;BS003724,134751718,COC1=CC=C(C=C1)C2=CC(=O)C3=C(C=C(C=C3O2)O)O[C@H]4[C@@H]([C@H]([C@@H](CO4)O)O)O,623.4,sec,NCCOYBTYDAMVTO-ZQEFQCJFSA-N
BS094868,BS001083;BS001080,134751759,C1=CC(=CC=C1/C=C/C(=O)O[C@@H]2[C@H]([C@@H]([C@H](O[C@H]2O[C@@H]3[C@H]([C@@H]([C@H](O[C@H]3OC4=CC=C(C=C4)C5=CC(=O)C6=C(C=C(C=C6O5)O)O)C(=O)O)O)O)C(=O)O)O)O)O,458.4,sec,NCJNNMWJQIKYLO-FRVSQPBBSA-N
BS300906,BS001096;BS001097,134751760,C1=CC(=CC=C1/C=C\C(=O)O[C@@H]2[C@H]([C@@H]([C@H](O[C@H]2O[C@@H]3[C@H]([C@@H]([C@H](O[C@H]3OC4=CC=C(C=C4)C5=CC(=O)C6=C(C=C(C=C6O5)O)O)C(=O)O)O)O)C(=O)O)O)O)O,517.8,sec,NCJNNMWJQIKYLO-WYFUIKBSSA-N
BS437040,BS001101;BS001104,134753314,C[C@H]1[C@@H]([C@H]([C@H]([C@@H](O1)O[C@@H]2[C@H]([C@@H]([C@H](O[C@H]2O[C@@H]3[C@H]([C@@H]([C@H](O[C@H]3O[C@H]4CC[C@]5(C(C4(C)C)CC[C@@]6(C5CC=C7[C@]6(CC[C@@]8([C@H]7CC(CC8)(C)C)C(=O)O[C@H]9[C@@H]([C@H]([C@@H]([C@H](O9)CO)O)O)O)C)C)C)CO)O)O)CO)O)O)O)O)O,861.6,sec,NQRGKZPCORAPOM-LRUKXMSVSA-N
BS368304,BS001215,134754316,C1=CC(=CC=C1C2=CC(=O)C3=C(C=C(C=C3O2)O)O)O[C@H]4[C@@H]([C@H]([C@@H]([C@H](O4)C(=O)O)O)O)O[C@H]5[C@@H]([C@H]([C@@H]([C@H](O5)C(=O)O)O)O)O,300.24,sec,NZZPSBRODDDVIU-DBFWEQBMSA-N
BS247726,BS001116,134755353,CC1=C(C(=O)C[C@H](O1)O[C@@H]2CC(C[C@@H]3[C@]2(CC[C@@]4(C3=CCC5[C@]4(CCC6[C@@]5(CC[C@@H]([C@]6(C)CO)O[C@H]7[C@@H]([C@H]([C@@H]([C@H](O7)C(=O)O)O)O)O[C@H]8[C@@H]([C@H]([C@@H]([C@H](O8)CO)O)O)O)C)C)C)C)(C)C)O,1198.2,sec,OJLGASCOGOIOJR-OASJHIPRSA-N
BS432590,BS001118,134755354,CC1=C(C(=O)C[C@H](O1)O[C@@H]2CC(C[C@@H]3[C@]2(CC[C@@]4(C3=CCC5[C@]4(CCC6[C@@]5(CC[C@@H]([C@]6(C)CO)O[C@H]7[C@@H]([C@H]([C@@H]([C@H](O7)C(=O)O)O)O)O[C@H]8[C@@H]([C@H]([C@H]([C@H](O8)CO)O)O)O)C)C)C)C)(C)C)O,1189.2,sec,OJLGASCOGOIOJR-QRWYWMMOSA-N
BS601418,BS001123,134755457,C[C@@]12CC[C@@]3(C(=CCC4[C@]3(CCC5[C@@]4(CC[C@@H]([C@]5(C)CO)O[C@H]6[C@@H]([C@H]([C@@H]([C@H](O6)C(=O)O)O)O)O[C@H]7[C@@H]([C@H]([C@@H]([C@H](O7)CO)O)O)O)C)C)[C@@H]1CC(C[C@H]2O)(C)C)C,1078.2,sec,OKIHRVKXRCAJFQ-OFOMSTTESA-N
BS949499,BS001122,134755458,C[C@@]12CC[C@@]3(C(=CCC4[C@]3(CCC5[C@@]4(CC[C@@H]([C@]5(C)CO)O[C@H]6[C@@H]([C@H]([C@@H]([C@H](O6)C(=O)O)O)O)O[C@H]7[C@@H]([C@H]([C@H]([C@H](O7)CO)O)O)O)C)C)[C@@H]1CC(C[C@H]2O)(C)C)C,1060.8,sec,OKIHRVKXRCAJFQ-VAJUJSSWSA-N
BS390645,BS001108;BS001105,134755720,C[C@H]1[C@@H]([C@H]([C@H]([C@@H](O1)O[C@@H]2[C@H]([C@H]([C@H](O[C@H]2O[C@@H]3[C@H]([C@@H]([C@H](O[C@H]3O[C@H]4CC[C@]5(C([C@@]4(C)CO)CC[C@@]6(C5CC=C7[C@]6(CC[C@@]8([C@H]7CC(C[C@H]8OC9CC(=O)C(=C(O9)C)O)(C)C)C)C)C)C)C(=O)O)O)O)CO)O)O)O)O)O,1143.6,sec,ONAAMCDHQSWPDU-NVXZJFILSA-N
BS682777,BS001035,134756434,C[C@H]1[C@H]([C@@H]([C@H]([C@@H](O1)OC2=CC(=C3C(=C2)OC(=C(C3=O)O[C@H]4[C@@H]([C@H]([C@@H]([C@H](O4)CO)O)O)O)C5=CC(=C(C=C5)O)O)O)O)O)O,269.4,sec,OTUCXMIQUNROBJ-DWZPKPSVSA-N
BS773359,BS001174;BS001176,134762012,C[C@H]1[C@@H]([C@H]([C@H]([C@@H](O1)O[C@@H]2[C@H]([C@H](CO[C@H]2OC(=O)[C@]34CCC(C[C@H]3C5=CCC6[C@]([C@@]5(C[C@H]4O)C)(CCC7[C@@]6(C[C@@H]([C@@H]([C@@]7(C)C(=O)O)O[C@H]8[C@@H]([C@H]([C@@H]([C@H](O8)CO)O)O)O[C@H]9[C@@H]([C@H]([C@@H]([C@H](O9)CO)O)O)O[C@H]1[C@@H]([C@H]([C@@H]([C@H](O1)CO)O)O)O)O)C)C)(C)C)O)O)O)O[C@H]1[C@@H]([C@](CO1)(CO)O)O)O[C@H]1[C@@H]([C@H]([C@@H](CO1)O)O)O,657.6,sec,QSAJFYGMYZDTSH-SUYAQSJUSA-N
BS521537,BS001160;BS001162,134763813,C[C@@]12CCC3[C@@](C1CC=C4[C@]2(CC[C@@]5([C@H]4CC(CC5)(C)C)C(=O)O[C@H]6[C@@H]([C@H]([C@@H]([C@H](O6)CO)O)O)O)C)(C[C@@H]([C@@H]([C@@]3(C)CO)O[C@H]7[C@@H]([C@H]([C@@H]([C@H](O7)CO)O[C@H]8[C@@H]([C@H]([C@@H]([C@H](O8)CO)O)O)O)OC(=O)CC(=O)O)O)O)C,726.0,sec,RHZZPKBPURDXHT-PDXZTVMWSA-N
BS423064,BS001202,134766319,C[C@@]12CCC3[C@@](C1CC=C4[C@]2(CC[C@@]5([C@H]4CC(CC5)(C)C)C(=O)O[C@H]6[C@@H]([C@H]([C@@H]([C@H](O6)CO)O)O)O)C)(C[C@@H]([C@@H](C3(C)C)O[C@H]7[C@@H]([C@H]([C@@H](CO7)O)OC(=O)CC(=O)O)O)O)C,960.18,sec,SEQLVCABILROHV-BAEYDANMSA-N
BS364595,BS001200,134767262,C[C@@]12CCC3[C@@](C1CC=C4[C@]2(CC[C@@]5([C@H]4CC(CC5)(C)C)C(=O)O[C@H]6[C@@H]([C@H]([C@@H]([C@H](O6)CO)O)O)O)C)(C[C@@H]([C@@H]([C@@]3(C)C=O)O[C@H]7[C@@H]([C@H]([C@@H](CO7)O)OC(=O)CC(=O)O)O)O)C,855.0,sec,SNGYMHPNQVEJCO-HUSOEYKKSA-N
BS305311,BS001002,134769108,C[C@H]1[C@@H]([C@H]([C@H]([C@@H](O1)O[C@@H]2[C@H]([C@H](CO[C@H]2OC(=O)[C@@]34CC[C@@]5(C(=CCC6[C@]5(CCC7[C@@]6(C[C@@H]([C@@H]([C@@]7(C)C(=O)O)O[C@H]8[C@@H]([C@H]([C@@H]([C@H](O8)C(=O)O)O)O[C@H]9[C@@H]([C@H]([C@@H]([C@H](O9)CO)O)O)O)O)O)C)C)[C@@H]3CC(CC4)(C)C)C)O)O)O)O[C@H]1[C@@H]([C@](CO1)(CO)O)O)O[C@H]1[C@@H]([C@H]([C@@H](CO1)O)O)O,768.0,sec,TXOSKRBRXVSPJN-WTWXDXNZSA-N
BS301136,BS001154,134769728,C[C@]12CC[C@@H]([C@@](C1CC[C@@]3(C2CC=C4[C@]3(CC[C@@]5([C@H]4CC(CC5)(C)C)C(=O)O[C@H]6[C@@H]([C@H]([C@@H]([C@H](O6)CO)O)O)O)C)C)(C)CO)O[C@H]7[C@@H]([C@H]([C@H](CO7)O)O)O,926.4,sec,UCVNVSOIAFGLPL-FBTWDWMFSA-N
BS332738,BS001164,134771145,C[C@H]1[C@@H]([C@H]([C@H]([C@@H](O1)O[C@@H]2[C@H]([C@H]([C@H](O[C@H]2O[C@@H]3[C@H]([C@@H]([C@H](O[C@H]3O[C@H]4CC[C@]5(C([C@@]4(C)CO)CC[C@@]6(C5CC=C7[C@]6(CC[C@@]8([C@H]7CC(C[C@H]8O)(C)C)C)C)C)C)C(=O)O)O)O)CO)O)O)O)O)OC(=O)CC(=O)O,1086.0,sec,UPFQKOYQKKVLFU-NJYNVVEYSA-N
BS006930,BS001178,134772405,C[C@H]1[C@@H]([C@H]([C@H]([C@@H](O1)O[C@@H]2[C@H]([C@H](CO[C@H]2OC(=O)[C@]34CCC(C[C@H]3C5=CCC6[C@]([C@@]5(C[C@H]4O)C)(CCC7[C@@]6(C[C@@H]([C@@H]([C@@]7(C)C(=O)O)O[C@H]8[C@@H]([C@H]([C@@H]([C@H](O8)CO)O)O)O[C@H]9[C@@H]([C@H]([C@@H]([C@H](O9)CO)O)O)O[C@H]1[C@@H]([C@H]([C@@H]([C@H](O1)CO)O)O)O)O)C)C)(C)C)O)O)O)O[C@H]1[C@@H]([C@H]([C@H](CO1)O)O)O)O[C@H]1[C@@H]([C@H]([C@@H](CO1)O)O)O,667.2,sec,URKMZZGUNQJOJQ-IZMRLMBRSA-N
BS931413,BS001169,134773062,C[C@H]1[C@@H]([C@H]([C@H]([C@@H](O1)O[C@@H]2[C@H]([C@H](CO[C@H]2OC(=O)[C@@]34CC[C@@]5(C(=CCC6[C@]5(CCC7[C@@]6(C[C@@H]([C@@H]([C@@]7(C)C(=O)O)O[C@H]8[C@@H]([C@H]([C@@H]([C@H](O8)CO)O)O)O)O)C)C)[C@@H]3CC(CC4)(C)C)C)O)O)O)O)O[C@H]9[C@@H]([C@H]([C@@H](CO9)O)O)O,819.0,sec,VHMKOKUNAPLSBJ-GQVSKFISSA-N
BS006670,BS001223,134773658,C[C@H]1[C@@H]([C@H]([C@H]([C@@H](O1)O[C@@H]2[C@H]([C@H](CO[C@H]2OC(=O)[C@]34CCC(C[C@H]3C5=CCC6[C@]([C@@]5(C[C@H]4O)C)(CCC7[C@@]6(C[C@@H]([C@@H]([C@@]7(C)C(=O)O)O[C@H]8[C@@H]([C@H]([C@@H]([C@H](O8)CO)O)O)O[C@H]9[C@@H]([C@H]([C@@H]([C@H](O9)CO)O)O)O[C@H]1[C@@H]([C@H]([C@@H]([C@H](O1)CO)O)O)O)O)C)C)(C)C)O)O)O)O[C@H]1[C@@H]([C@](CO1)(CO)O)O)O[C@H]1[C@@H]([C@H]([C@@H](CO1)O)O[C@H]1[C@@H]([C@](CO1)(CO)O)O)O,660.6,sec,VNHLGJLOJBJFGV-OMOYKTNYSA-N
BS402846,BS003413;BS003412;BS003410;BS003414;BS003411,134775651,C[C@]12CC[C@@H]([C@]([C@@H]1CC[C@@]3([C@@H]2CC=C4[C@]3(CC[C@@]5([C@H]4CC(C[C@H]5O)(C)C)C)C)C)(C)CO)OC6[C@H]([C@@H]([C@H]([C@@H](O6)C(=O)O)O)O)O[C@@H]7[C@H]([C@@H]([C@@H]([C@@H](O7)CO)O)O)O[C@@H]8[C@H]([C@@H]([C@H]([C@@H](O8)CO)O)O)O,1014.6,sec,WFRQIKSNAYYUJZ-BOZPSLMNSA-N
BS938079,BS001038,134776242,C[C@H]1[C@@H]([C@H]([C@H]([C@@H](O1)O[C@@H]2[C@H]([C@@H]([C@H](O[C@H]2OC3=C(OC4=CC(=CC(=C4C3=O)O)O[C@H]5[C@@H]([C@H]([C@@H]([C@@H](O5)C)O)O)O)C6=CC(=C(C=C6)O)O)CO)O)O)O)O)O,208.8,sec,WLPJMCCYDZFCBL-JABRZMJWSA-N
BS769216,BS001060,134777355,CC/C=C\C/C=C\C/C=C\CCCCCCCC(=O)O[C@H](CO)COP(=O)([O-])OCC[N+](C)(C)C,1257.6,sec,WVUARHUSWJUGTE-YVHLTTHBSA-N
BS150391,BS001171,134777918,C[C@H]1[C@@H]([C@H]([C@H]([C@@H](O1)O[C@@H]2[C@H]([C@H](CO[C@H]2OC(=O)[C@]34CCC(C[C@H]3C5=CCC6[C@]([C@@]5(C[C@H]4O)C)(CCC7[C@@]6(C[C@@H]([C@@H]([C@@]7(C)C(=O)O)O[C@H]8[C@@H]([C@H]([C@@H]([C@H](O8)C(=O)O)O)O)O)O)C)C)(C)C)O)O)O)O)O[C@H]9[C@@H]([C@H]([C@@H](CO9)O)O)O,681.0,sec,XBQCXFMLWNUHRQ-GRUHRAIASA-N
BS679565,BS001182;BS001184,134780432,C[C@H]1[C@@H]([C@H]([C@H]([C@@H](O1)O[C@@H]2[C@H]([C@H](CO[C@H]2OC(=O)[C@@]34CC[C@@]5(C(=CCC6[C@]5(CCC7[C@@]6(C[C@@H]([C@@H]([C@@]7(C)C(=O)O)O[C@H]8[C@@H]([C@H]([C@@H]([C@H](O8)CO)O)O)O[C@H]9[C@@H]([C@H]([C@@H]([C@H](O9)CO)O)O)O[C@H]1[C@@H]([C@H]([C@@H]([C@H](O1)CO)O)O)O)O)C)C)[C@@H]3CC(CC4)(C)C)C)O)O)O)O[C@H]1[C@@H]([C@](CO1)(CO)O)O)O[C@H]1[C@@H]([C@H]([C@@H](CO1)O)O)O,755.4,sec,XZNDCLRCHSKEES-KTAVYKHVSA-N
BS961430,BS001194,134782085,C[C@]12CC[C@@H](C(C1CC[C@@]3(C2CC=C4[C@]3(CC[C@@]5([C@H]4CC(CC5)(C)C)C(=O)O[C@H]6[C@@H]([C@H]([C@@H]([C@H](O6)CO)O)O)O)C)C)(C)C)O[C@H]7[C@@H]([C@H]([C@@H]([C@H](O7)C(=O)O)O)O)O,945.0,sec,YOSRLTNUOCHBEA-XFBOPQPKSA-N
BS225472,BS001017;BS001018,134782099,C[C@@]12CCC3[C@@](C1CC=C4[C@]2(CC[C@@]5([C@H]4CC(CC5)(C)C)C(=O)O[C@H]6[C@@H]([C@H]([C@@H]([C@H](O6)CO)O)O)O)C)(C[C@@H]([C@@H]([C@@]3(C)C(=O)O)O[C@H]7[C@@H]([C@H]([C@@H]([C@H](O7)COC(=O)CC(=O)O)O)O)O)O)C,808.8,sec,YOXRCWBQUFOFDB-DELBEMASSA-N
BS670331,BS001144,134785551,C[C@@]12CCC3[C@@](C1CC=C4[C@]2(CC[C@@]5([C@H]4CC(CC5)(C)C)C(=O)O[C@H]6[C@@H]([C@H]([C@@H]([C@H](O6)CO)O)O)O)C)(C[C@@H]([C@@H]([C@@]3(C)CO)O[C@H]7[C@@H]([C@H]([C@@H]([C@H](O7)CO)O)O)O)O)C,763.2,sec,ZUILGDNVKPMVIA-YRTOFAGUSA-N
