accession,original_accessions,pubchem_id,smiles_iso,rt,rt_unit,inchikey,precursor_type
LQB4733431,LQB00172;LQB00558,65109,CCCCCCCCCCCCCCCC(=O)OCC(COP(=O)(O)OCCN)OC(=O)CCCCCCCCCCCCCCC,9.916547,min,SLKDGVPOSSLUAI-UHFFFAOYSA-N,[M-H]-
LQB6208787,LQB00623;LQB00237,65144,CCCCCCCCCCCCCCCC(=O)OCC(COP(=O)(O)OCC(CO)O)OC(=O)CCCCCCCCCCCCCCC,8.578336,min,BIABMEZBCHDPBV-UHFFFAOYSA-N,[M-H]-
LQB6088348,LQB00713;LQB00327,181664,CCCCCCCCCCCCCCCC(=O)OCC(COP(=O)(O)OCC(C(=O)O)N)OC(=O)CCCCCCCCCCCCCCC,8.56761,min,KLFKZIQAIPDJCW-UHFFFAOYSA-N,[M-H]-
LQB9146428,LQB00561;LQB00175,5282290,CCCCCCCCCCCCCCCC(=O)OCC(COP(=O)(O)OCCN)OC(=O)CCCCCCC/C=C\CCCCCCCC,10.02496,min,FHQVHHIBKUMWTI-ZCXUNETKSA-N,[M-H]-
LQB7088006,LQB00241;LQB00627,5282293,CCCCCCCCCCCCCCCC(=O)OCC(COP(=O)(O)OCC(CO)O)OC(=O)CCCCCCC/C=C\CCCCCCCC,8.64695,min,PAZGBAOHGQRCBP-ZCXUNETKSA-N,[M-H]-
LQB6129368,LQB00562;LQB00176,6426727,CCCCCCCCCCCCCCCC(=O)OCC(COP(=O)(O)OCCN)OC(=O)CCCCCCC/C=C\C/C=C\CCCCC,9.478446,min,HBZNVZIRJWODIB-BCTRXSSUSA-N,[M-H]-
LQB1019377,LQB00206;LQB00592,6426737,CCCCCCCCCCCCCCCCCC(=O)OCC(COP(=O)(O)OCCN)OC(=O)CC/C=C\C/C=C\C/C=C\C/C=C\C/C=C\C/C=C\CC,10.13184,min,XYYHNDVKALDFHQ-HSBBONCLSA-N,[M-H]-
LQB7393238,LQB00184;LQB00570,6426738,CCCCCCCCCCCCCCCC(=O)OCC(COP(=O)(O)OCCN)OC(=O)CC/C=C\C/C=C\C/C=C\C/C=C\C/C=C\C/C=C\CC,9.323308,min,MPWUZHVZZKSTPV-LGFBOSHVSA-N,[M-H]-
LQB8868855,LQB00594;LQB00208,6437392,CCCCCCCC/C=C\CCCCCCCC(=O)OCC(COP(=O)(O)OCCN)OC(=O)CCCCCCC/C=C\CCCCCCCC,10.1563,min,MWRBNPKJOOWZPW-CLFAGFIQSA-N,[M-H]-
LQB6024177,LQB00219;LQB00605,9546727,CCCCC/C=C\C/C=C\CCCCCCCC(=O)OCC(COP(=O)(O)OCCN)OC(=O)CCCCCCC/C=C\C/C=C\CCCCC,8.872219,min,SSCDRSKJTAQNNB-MAZCIEHSSA-N,[M-H]-
LQB5202257,LQB00581;LQB00195,9546734,CCCCCCCCCCCCCCCCCC(=O)OCC(COP(=O)(O)OCCN)OC(=O)CCCCCCC/C=C\CCCCCCCC,11.1291,min,JQKOHRZNEOQNJE-ZZEZOPTASA-N,[M-H]-
LQB7159620,LQB00582;LQB00196,9546748,CCCCCCCCCCCCCCCCCC(=O)OCC(COP(=O)(O)OCCN)OC(=O)CCCCCCC/C=C\C/C=C\CCCCC,10.40782,min,YDTWOEYVDRKKCR-MLWYYCKJSA-N,[M-H]-
LQB6730717,LQB00596;LQB00210,9546827,CCCCCCCC/C=C\CCCCCCCCCC(=O)OC(COC(=O)CCCCCCC/C=C\CCCCCCCC)COP(=O)(O)OCCN,11.18996,min,UITCASPZWUAJBW-HWSICPKZSA-N,[M-H]-
LQB1630590,LQB00584;LQB00198,9546828,CCCCCCCCCCCCCCCCCC(=O)OCC(COP(=O)(O)OCCN)OC(=O)CCCCCCCCC/C=C\C/C=C\CCCCC,11.44088,min,WYDGEVICLIVPEG-OHNCOSGTSA-N,[M-H]-
LQB1764663,LQB00197;LQB00583,9546842,CCCCCCCCCCCCCCCCCC(=O)OCC(COP(=O)(O)OCCN)OC(=O)CCCCCCCCC/C=C\CCCCCCCC,12.51665,min,DBYSGBYABPVNGO-ZPHPHTNESA-N,[M-H]-
LQB5094511,LQB00560;LQB00174,9546967,CCCCCCCCCCCCCCCCCC(=O)OC(COC(=O)CCCCCCCCCCCCCCC)COP(=O)(O)OCCN,10.94608,min,RPJZYOHZALDGKI-UHFFFAOYSA-N,[M-H]-
LQB9738121,LQB00346;LQB00732,9832667,CC/C=C\C/C=C\C/C=C\C/C=C\C/C=C\C/C=C\CCC(=O)OCC(COP(=O)(O)OCC(C(=O)O)N)OC(=O)CC/C=C\C/C=C\C/C=C\C/C=C\C/C=C\C/C=C\CC,8.038691,min,RJCZACBLQGCNCW-GZSOIYOPSA-N,[M-H]-
LQB7754741,LQB00719;LQB00333,9962404,CCCCCCCCCCCCCCCCCC(=O)OCC(COP(=O)(O)OCC(C(=O)O)N)OC(=O)CCCCCCC/C=C\CCCCCCCC,9.185796,min,AJFWREUFUPEYII-ZZEZOPTASA-N,[M-H]-
LQB6329168,LQB00563;LQB00177,10556777,CCCCCCCCCCCCCCCC(=O)OCC(COP(=O)(O)OCCN)OC(=O)CCCCCCC/C=C\C/C=C\C/C=C\CC,9.043955,min,QONZHKTZKTUIMU-SVNQLWEDSA-N,[M-H]-
LQB9473582,LQB00639;LQB00253,11607301,CCCCCC/C=C\CCCCCCCC(=O)OCC(COP(=O)(O)OCC(CO)O)OC(=O)CCCCCCC/C=C\CCCCCC,8.000359,min,GHQNERCMPIDAAU-VMNXYWKNSA-N,[M-H]-
LQB2496697,LQB00262;LQB00648;LQB00261;LQB00647,13921353,CCCCCCCC/C=C\CCCCCCCC(=O)OCC(COP(=O)(O)OCC(CO)O)OC(=O)CCCCCCC/C=C\CCCCCCCC,8.413065,min,DSNRWDQKZIEDDB-CLFAGFIQSA-N,[M-H]-
LQB7177276,LQB00288;LQB00674;LQB00675;LQB00289,14185941,CCCCCCCCCCCCCCCC(=O)OCC(COP(=O)(O)OC1C(C(C(C(C1O)O)O)O)O)OC(=O)CCCCCCCCCCCCCCC,8.505555,min,IBUKXRINTKQBRQ-UHFFFAOYSA-N,[M-H]-
LQB6447016,LQB00622;LQB00236,20843301,CCCCCCCCCCCCCCCC(=O)OC(COC(=O)CCCCCCCCCCCCC)COP(=O)(O)OCC(CO)O,8.180974,min,ZAXBYLHGBBMAAY-UHFFFAOYSA-N,[M-H]-
LQB3774952,LQB00186;LQB00572,25244424,CCCCCC/C=C\CCCCCCCC(=O)OCC(COP(=O)(O)OCCN)OC(=O)CCCCCCC/C=C\C/C=C\CCCCC,8.900139,min,SSRRIJSEUKHYFB-RUGCENDASA-N,[M-H]-
LQB5348653,LQB00209;LQB00595,25245362,CCCCCCCC/C=C\CCCCCCCC(=O)OCC(COP(=O)(O)OCCN)OC(=O)CCCCCCC/C=C\C/C=C\CCCCC,9.574076,min,GKAFCSRKMWFPSJ-RQOIEFAZSA-N,[M-H]-
LQB2435068,LQB00626;LQB00240,25267633,CCCCCCCCCCCCCCCCCC(=O)OC(COC(=O)CCCCCCCCCCCCCCC)COP(=O)(O)OCC(CO)O,9.110722,min,KBPVYRBBONZJHF-UHFFFAOYSA-N,[M-H]-
LQB9696365,LQB00657;LQB00271,49792064,CCCCC/C=C\C/C=C\CCCCCCCC(=O)OCC(COP(=O)(O)OCC(CO)O)OC(=O)CCCCCCC/C=C\C/C=C\CCCCC,7.939426,min,AKWGRDPPGYFWIW-MAZCIEHSSA-N,[M-H]-
LQB5391816,LQB00330;LQB00716,71585836,CCCCCCCCCCCCCCCC(=O)OCC(COP(=O)(O)OCC(C(=O)O)N)OC(=O)CC/C=C\C/C=C\C/C=C\C/C=C\C/C=C\C/C=C\CC,8.299236,min,PWBBJQOVCTWPIM-LGFBOSHVSA-N,[M-H]-
LQB3099029,LQB00559;LQB00173,71627298,CCCCCCCCCCCCCCCC(=O)OCC(COP(=O)(O)OCCN)OC(=O)CCCCCCC/C=C\CCCCCC,9.26572,min,CZOSTDZGCCEZTJ-PEZBUJJGSA-N,[M-H]-
LQB8748206,LQB00642;LQB00256,71767679,CCCCCCCCCCCCCCCCCC(=O)OCC(COP(=O)(O)OCC(CO)O)OC(=O)CCCCCCC/C=C\CCCCCCCC,9.180191,min,ZEFGRNLJASLRBZ-ZZEZOPTASA-N,[M-H]-
LQB7663870,LQB00291;LQB00677,75251680,CCCCCCCCCCCCCCCCCC(=O)OC(COC(=O)CCCCCCCCCCCCCCC)COP(=O)(O)OC1C(C(C(C(C1O)O)O)O)O,9.02943,min,NEXFZIYXCPIHEF-UHFFFAOYSA-N,[M-H]-
LQB2198486,LQB00726;LQB00340,91746251,CCCCCCCCCCCCCCCCCC(=O)OCC(COP(=O)(O)OCC(C(=O)O)N)OC(=O)CC/C=C\C/C=C\C/C=C\C/C=C\C/C=C\C/C=C\CC,8.68651,min,LYYHRRPTEXPVOR-HSBBONCLSA-N,[M-H]-
LQB0713372,LQB00646;LQB00260,134724320,CCCCCCCCCCCCCCCCCC(=O)OCC(COP(=O)(O)OCC(CO)O)OC(=O)CC/C=C\C/C=C\C/C=C\C/C=C\C/C=C\C/C=C\CC,8.78411,min,CLQKBJHAUYGCOB-HSBBONCLSA-N,[M-H]-
LQB8559405,LQB00612;LQB00226,134758124,CCCCCCCCCCCCCCCCCCC(=O)OCC(COP(=O)(O)OCCN)OC(=O)CC/C=C\C/C=C\C/C=C\C/C=C\C/C=C\C/C=C\CC,10.72561,min,PITVJCPCBXGCHJ-MXQGKLILSA-N,[M-H]-
LQB6040985,LQB00171;LQB00557,134775923,CCCCCCCCCCCCCCC(=O)OCC(COP(=O)(O)OCCN)OC(=O)CC/C=C\C/C=C\C/C=C\C/C=C\C/C=C\C/C=C\CC,8.987217,min,WIJRNOBSWIZHST-JTURFRPLSA-N,[M-H]-
LQB3718979,LQB00193;LQB00579,134777294,CCCCCCCCCCCCCCCCC(=O)OCC(COP(=O)(O)OCCN)OC(=O)CC/C=C\C/C=C\C/C=C\C/C=C\C/C=C\C/C=C\CC,9.718303,min,WVGREBRFGJNLSB-KAFSZNKPSA-N,[M-H]-
LQB6139160,LQB00287;LQB00673,134777753,CC/C=C\C/C=C\C/C=C\C/C=C\C/C=C\C/C=C\CCC(=O)OCC(COP(=O)(O)OCC(CO)O)OC(=O)CC/C=C\C/C=C\C/C=C\C/C=C\C/C=C\C/C=C\CC,7.82821,min,XACKZSRNTPEYBU-GZSOIYOPSA-N,[M-H]-
LQB7896821,LQB00301;LQB00687,138118668,CCCCCCCCCCCCCCCCC(=O)OCC(COP(=O)(O)OC1C(C(C(C(C1O)O)O)O)O)OC(=O)CCCCCCC/C=C\C/C=C\CCCCC,8.489993,min,AJAKJCJJRMUWFW-OHNCOSGTSA-N,[M-H]-
LQB6671595,LQB00600;LQB00214,138119793,CCCCCCCC/C=C\CCCCCCCC(=O)OCC(COP(=O)(O)OCCN)OC(=O)CCC/C=C\C/C=C\C/C=C\C/C=C\C/C=C\CC,9.096052,min,AMKOUQLHUASJMB-HHHWHCSPSA-N,[M-H]-
LQB6996524,LQB00629;LQB00628;LQB00243;LQB00242,138121875,CCCCCCCCCCCCCCCC(=O)OCC(COP(=O)(O)OCC(CO)O)OC(=O)CCCCCCC/C=C\C/C=C\CCCCC,8.10702,min,ATBOMIWRCZXYSZ-BCTRXSSUSA-N,[M-H]-
LQB1194122,LQB00637;LQB00251,138122506,CCCCCCCCCCCCCCCC(=O)OCC(COP(=O)(O)OCC(CO)O)OC(=O)CCCCC/C=C\C/C=C\C/C=C\C/C=C\C/C=C\CC,8.398577,min,AUXSCXICKMGRJE-SFVLIGPRSA-N,[M-H]-
LQB4889323,LQB00294;LQB00679;LQB00293;LQB00680,138130059,CCCCCCCCCCCCCCCC(=O)OCC(COP(=O)(O)OC1C(C(C(C(C1O)O)O)O)O)OC(=O)CCCCCCC/C=C\C/C=C\CCCCC,8.299026,min,BSNJSZUDOMPYIR-BCTRXSSUSA-N,[M-H]-
LQB6831874,LQB00182;LQB00183;LQB00569;LQB00568,138131789,CCCCCCCCCCCCCCCC(=O)OCC(COP(=O)(O)OCCN)OC(=O)CCCCC/C=C\C/C=C\C/C=C\C/C=C\C/C=C\CC,9.534964,min,BXSFSSDQHFBPDQ-SFVLIGPRSA-N,[M-H]-
LQB7124939,LQB00191;LQB00577,138136039,CCCCCCCCCCCCCCCCC(=O)OCC(COP(=O)(O)OCCN)OC(=O)CCCCCC/C=C\C/C=C\C/C=C\C/C=C\CC,9.851647,min,CKWQBCHPEQMNNL-UMWXEKTDSA-N,[M-H]-
LQB8105610,LQB00247;LQB00633,138136335,CCCCCCCCCCCCCCCC(=O)OCC(COP(=O)(O)OCC(CO)O)OC(=O)CCCCCCCCC/C=C\C/C=C\C/C=C\CC,8.485966,min,CLWMQONPFNUMKX-SVNQLWEDSA-N,[M-H]-
LQB4342537,LQB00593;LQB00207,138136786,CCCCCCCCCCCCCCCCCC(=O)OCC(COP(=O)(O)OCCN)OC(=O)CCCCCCCCCC/C=C\C/C=C\C/C=C\C/C=C\CC,12.32646,min,CNFXZBRCOHOJAB-PYQGTGCGSA-N,[M-H]-
LQB7225649,LQB00671;LQB00285,138138398,CC/C=C\C/C=C\C/C=C\C/C=C\C/C=C\CCCCCC(=O)OCC(COP(=O)(O)OCC(CO)O)OC(=O)CCCCC/C=C\C/C=C\C/C=C\C/C=C\C/C=C\CC,8.009889,min,CSHJHZDRNJSEJU-LPEZNXMBSA-N,[M-H]-
LQB8235680,LQB00319;LQB00705,138139338,CCCCCCCC/C=C\CCCCCCCC(=O)OCC(COP(=O)(O)OC1C(C(C(C(C1O)O)O)O)O)OC(=O)CCCCC/C=C\C/C=C\C/C=C\C/C=C\C/C=C\CC,8.435534,min,CVDYOYNJWLXMAW-LKVUMQLBSA-N,[M-H]-
LQB4161127,LQB00573;LQB00187,138140034,CCCCCC/C=C\CCCCCCCC(=O)OCC(COP(=O)(O)OCCN)OC(=O)CCCCCC/C=C\C/C=C\C/C=C\C/C=C\CC,8.820026,min,CXGZFWPMXPAZEA-NUNQZGBLSA-N,[M-H]-
LQB2997864,LQB00337;LQB00723,138142497,CCCCCCCCCCCCCCCCCC(=O)OCC(COP(=O)(O)OCC(C(=O)O)N)OC(=O)CCC/C=C\C/C=C\C/C=C\C/C=C\C/C=C\CC,8.495248,min,DERBZMCOPJTRSZ-GLWDABGQSA-N,[M-H]-
LQB3524603,LQB00690;LQB00304,138143153,CCCCCCCCCCCCCCCCC(=O)OCC(COP(=O)(O)OC1C(C(C(C(C1O)O)O)O)O)OC(=O)CCC/C=C\C/C=C\C/C=C\C/C=C\C/C=C\CC,8.259072,min,DGRNZNZECRXZCS-VZVMVVDZSA-N,[M-H]-
LQB7681592,LQB00699;LQB00313,138144195,CCCCCCCCCCCCCCCCCC(=O)OCC(COP(=O)(O)OC1C(C(C(C(C1O)O)O)O)O)OC(=O)CC/C=C\C/C=C\C/C=C\C/C=C\C/C=C\C/C=C\CC,8.653857,min,DJVOKHFQPGWUPK-HSBBONCLSA-N,[M-H]-
LQB6471471,LQB00619;LQB00233,138145394,CC/C=C\C/C=C\C/C=C\C/C=C\CCCCCCCCC(=O)OCC(COP(=O)(O)OCCN)OC(=O)CC/C=C\C/C=C\C/C=C\C/C=C\C/C=C\C/C=C\CC,9.373588,min,DNPOVULNVHWFEJ-GCLSJWDWSA-N,[M-H]-
LQB1291464,LQB00660;LQB00274,138147428,CCCCC/C=C\C/C=C\CCCCCCCC(=O)OCC(COP(=O)(O)OCC(CO)O)OC(=O)CCC/C=C\C/C=C\C/C=C\C/C=C\C/C=C\CC,7.740366,min,DTYJSYMMNJFNCQ-WJFLDVDQSA-N,[M-H]-
LQB7281976,LQB00618;LQB00232,138147675,CCCCC/C=C\C/C=C\C/C=C\CCCCCCCCC(=O)OCC(COP(=O)(O)OCCN)OC(=O)CC/C=C\C/C=C\C/C=C\C/C=C\C/C=C\C/C=C\CC,9.960825,min,DUSJRMVOELGZGY-VKEQCKTBSA-N,[M-H]-
LQB8961219,LQB00264;LQB00650,138151504,CCCCCCCC/C=C\CCCCCCCC(=O)OCC(COP(=O)(O)OCC(CO)O)OC(=O)CCCCCCCCC/C=C\C/C=C\C/C=C\CC,8.293467,min,FGLCTGHXZAQEIH-ZYKQNZMBSA-N,[M-H]-
LQB5896403,LQB00597;LQB00211,138151921,CCCCCCCC/C=C\CCCCCCCC(=O)OCC(COP(=O)(O)OCCN)OC(=O)CCCCCCCCC/C=C\C/C=C\C/C=C\CC,9.799648,min,FHPKJOCRZAXOEW-ZYKQNZMBSA-N,[M-H]-
LQB0110403,LQB00329;LQB00715,138153806,CCCCCCCCCCCCCCCC(=O)OCC(COP(=O)(O)OCC(C(=O)O)N)OC(=O)CCCCCC/C=C\C/C=C\C/C=C\C/C=C\CC,8.33168,min,FNOBGXQUVKEMEE-JAXHXWBXSA-N,[M-H]-
LQB2302535,LQB00686;LQB00300,138154339,CCCCCCCCCCCCCCCC(=O)OCC(COP(=O)(O)OC1C(C(C(C(C1O)O)O)O)O)OC(=O)CC/C=C\C/C=C\C/C=C\C/C=C\C/C=C\C/C=C\CC,8.246706,min,FPHAZHKZJQOPBU-LGFBOSHVSA-N,[M-H]-
LQB7996843,LQB00343;LQB00729,138154510,CCCCCCCC/C=C\CCCCCCCCCCCC(=O)OC(COC(=O)CCCCCCC/C=C\CCCCCCCC)COP(=O)(O)OCC(C(=O)O)N,9.905784,min,FPXKHYLLOQURGZ-YQSYOFKPSA-N,[M-H]-
LQB5656417,LQB00685;LQB00684;LQB00299;LQB00298,138154651,CCCCCCCCCCCCCCCC(=O)OCC(COP(=O)(O)OC1C(C(C(C(C1O)O)O)O)O)OC(=O)CCC/C=C\C/C=C\C/C=C\C/C=C\C/C=C\CC,8.082557,min,FQGSWQFJOVVRRB-LPHKCNJWSA-N,[M-H]-
LQB2745503,LQB00263;LQB00649,138155445,CCCCCCCC/C=C\CCCCCCCC(=O)OCC(COP(=O)(O)OCC(CO)O)OC(=O)CCCCCCC/C=C\C/C=C\CCCCC,8.174149,min,FSVTVWTVWNNIQX-RQOIEFAZSA-N,[M-H]-
LQB4111962,LQB00270;LQB00656,138157532,CCCCCCCC/C=C\CCCCCCCC(=O)OCC(COP(=O)(O)OCC(CO)O)OC(=O)CC/C=C\C/C=C\C/C=C\C/C=C\C/C=C\C/C=C\CC,8.119515,min,FZJRPYWBMGYDIA-HILQMKNTSA-N,[M-H]-
LQB1502208,LQB00730;LQB00344,138157682,CCCCCCCC/C=C\CCCCCCCC(=O)OCC(COP(=O)(O)OCC(C(=O)O)N)OC(=O)CC/C=C\C/C=C\C/C=C\C/C=C\C/C=C\C/C=C\CC,8.345592,min,FZVOBDJBRIEKPS-HILQMKNTSA-N,[M-H]-
LQB0544823,LQB00693;LQB00307,138159922,CCCCCCCCCCCCCCCCCC(=O)OCC(COP(=O)(O)OC1C(C(C(C(C1O)O)O)O)O)OC(=O)CCCCCCCCC/C=C\C/C=C\C/C=C\CC,8.913146,min,GGSSNEAFVQRIHU-JTBMWNAQSA-N,[M-H]-
LQB9013557,LQB00661;LQB00275,138161853,CCCCC/C=C\C/C=C\CCCCCCCC(=O)OCC(COP(=O)(O)OCC(CO)O)OC(=O)CC/C=C\C/C=C\C/C=C\C/C=C\C/C=C\C/C=C\CC,7.886111,min,GMXYXYLCBAOPHA-LNYCXSEGSA-N,[M-H]-
LQB4070433,LQB00636;LQB00250,138165783,CCCCCCCCCCCCCCCC(=O)OCC(COP(=O)(O)OCC(CO)O)OC(=O)CCC/C=C\C/C=C\C/C=C\C/C=C\C/C=C\CC,8.135416,min,GZBZSCNQFXTELT-LPHKCNJWSA-N,[M-H]-
LQB9968874,LQB00608;LQB00222;LQB00609;LQB00223,138168948,CCCCC/C=C\C/C=C\CCCCCCCC(=O)OCC(COP(=O)(O)OCCN)OC(=O)CC/C=C\C/C=C\C/C=C\C/C=C\C/C=C\C/C=C\CC,8.936766,min,HIZMZVSEIXACMP-LNYCXSEGSA-N,[M-H]-
LQB5407043,LQB00638;LQB00252,138172530,CCCCCCCCCCCCCCCC(=O)OCC(COP(=O)(O)OCC(CO)O)OC(=O)CC/C=C\C/C=C\C/C=C\C/C=C\C/C=C\C/C=C\CC,8.297842,min,HUFCXYMYEWLLHT-LGFBOSHVSA-N,[M-H]-
LQB8608162,LQB00567;LQB00180;LQB00566;LQB00181,138175392,CCCCCCCCCCCCCCCC(=O)OCC(COP(=O)(O)OCCN)OC(=O)CCCCCCCC/C=C\C/C=C\C/C=C\C/C=C\CC,10.04527,min,ICYDFONFTSPCRL-BHYOAKPMSA-N,[M-H]-
LQB0193514,LQB00321;LQB00707,138175443,CCCCC/C=C\C/C=C\CCCCCCCC(=O)OCC(COP(=O)(O)OC1C(C(C(C(C1O)O)O)O)O)OC(=O)CCCCCC/C=C\C/C=C\C/C=C\C/C=C\CC,8.108304,min,IDBHHLONPONREV-DMQHYRIXSA-N,[M-H]-
LQB9274560,LQB00273;LQB00272;LQB00658;LQB00659,138179182,CCCCC/C=C\C/C=C\CCCCCCCC(=O)OCC(COP(=O)(O)OCC(CO)O)OC(=O)CCCCCC/C=C\C/C=C\C/C=C\C/C=C\CC,7.931372,min,IOSMTWQOMVSNAG-DMQHYRIXSA-N,[M-H]-
LQB7800557,LQB00604;LQB00218,138180410,CCCCCCCCCC/C=C\CCCCCCCCCCCC(=O)OC(COC(=O)CCCCCCC/C=C\CCCCCCCC)COP(=O)(O)OCCN,13.16316,min,ISJLLEYVLZBZHK-BJSHFZDTSA-N,[M-H]-
LQB8302448,LQB00662;LQB00276,138180945,CC/C=C\C/C=C\C/C=C\CCCCCCCCCC(=O)OCC(COP(=O)(O)OCC(CO)O)OC(=O)CC/C=C\C/C=C\C/C=C\C/C=C\C/C=C\C/C=C\CC,8.049838,min,IUAHNRBNAVSHBB-PVFFKTCKSA-N,[M-H]-
LQB6607312,LQB00722;LQB00336,138181120,CCCCCCCCCCCCCCCCCC(=O)OCC(COP(=O)(O)OCC(C(=O)O)N)OC(=O)CCCCCC/C=C\C/C=C\C/C=C\C/C=C\CC,8.778674,min,IULWELDCBXQXED-ZKVKLVECSA-N,[M-H]-
LQB6456448,LQB00602;LQB00215;LQB00216;LQB00601,138182636,CCCCCCCC/C=C\CCCCCCCC(=O)OCC(COP(=O)(O)OCCN)OC(=O)CCCCC/C=C\C/C=C\C/C=C\C/C=C\C/C=C\CC,9.607102,min,IZEXFAOLFRVCJS-LKVUMQLBSA-N,[M-H]-
LQB2145665,LQB00654;LQB00269;LQB00655;LQB00268,138183060,CCCCCCCC/C=C\CCCCCCCC(=O)OCC(COP(=O)(O)OCC(CO)O)OC(=O)CCCCC/C=C\C/C=C\C/C=C\C/C=C\C/C=C\CC,8.180153,min,JAMPNNNOPHDTDM-LKVUMQLBSA-N,[M-H]-
LQB9983888,LQB00234;LQB00620,138183664,CC/C=C\C/C=C\C/C=C\C/C=C\C/C=C\CCCCCC(=O)OCC(COP(=O)(O)OCCN)OC(=O)CC/C=C\C/C=C\C/C=C\C/C=C\C/C=C\C/C=C\CC,8.961686,min,JCLZWTOIRFULGD-SUDBCHAPSA-N,[M-H]-
LQB0779281,LQB00645;LQB00259,138183909,CCCCCCCCCCCCCCCCCC(=O)OCC(COP(=O)(O)OCC(CO)O)OC(=O)CCCCCC/C=C\C/C=C\C/C=C\C/C=C\CC,8.798367,min,JDHPBMPBPWNFFB-ZKVKLVECSA-N,[M-H]-
LQB9949178,LQB00332;LQB00718,138184086,CCCCCCCCCCCCCCCCC(=O)OCC(COP(=O)(O)OCC(C(=O)O)N)OC(=O)CC/C=C\C/C=C\C/C=C\C/C=C\C/C=C\C/C=C\CC,8.489819,min,JDWLFPUFMDBHEL-KAFSZNKPSA-N,[M-H]-
LQB3490406,LQB00644;LQB00258;LQB00643;LQB00257,138187875,CCCCCCCCCCCCCCCCCC(=O)OCC(COP(=O)(O)OCC(CO)O)OC(=O)CCCCCCC/C=C\C/C=C\CCCCC,8.796352,min,JPRWHUSRRGNLOV-MLWYYCKJSA-N,[M-H]-
LQB9653801,LQB00603;LQB00217,138191210,CCCCCCCC/C=C\CCCCCCCC(=O)OCC(COP(=O)(O)OCCN)OC(=O)CC/C=C\C/C=C\C/C=C\C/C=C\C/C=C\C/C=C\CC,9.413862,min,JZSZAGWWWKKXLO-HILQMKNTSA-N,[M-H]-
LQB7969305,LQB00631;LQB00630;LQB00632;LQB00246;LQB00244;LQB00245,138192286,CCCCCCCCCCCCCCCC(=O)OCC(COP(=O)(O)OCC(CO)O)OC(=O)CCCCCCCCC/C=C\C/C=C\CCCCC,8.780381,min,KDFIYBDWNQKADP-BCTRXSSUSA-N,[M-H]-
LQB1319367,LQB00565;LQB00179,138193610,CCCCCCCCCCCCCCCC(=O)OCC(COP(=O)(O)OCCN)OC(=O)CCC/C=C\C/C=C\C/C=C\C/C=C\C/C=C\CC,9.01695,min,KHLRCNXJXSYNCK-LPHKCNJWSA-N,[M-H]-
LQB9249962,LQB00334;LQB00720,138198087,CCCCCCCCCCCCCCCCCC(=O)OCC(COP(=O)(O)OCC(C(=O)O)N)OC(=O)CCCCCCCCC/C=C\CCCCCCCC,9.942993,min,KVMIIDXBXADXIM-ZPHPHTNESA-N,[M-H]-
LQB6994387,LQB00204;LQB00590;LQB00205;LQB00591,138198992,CCCCCCCCCCCCCCCCCC(=O)OCC(COP(=O)(O)OCCN)OC(=O)CCCCC/C=C\C/C=C\C/C=C\C/C=C\C/C=C\CC,10.43208,min,KYERVKWKQQBRQB-NIZIMQIGSA-N,[M-H]-
LQB0707715,LQB00306;LQB00692,138199526,CCCCCCCCCCCCCCCCCC(=O)OCC(COP(=O)(O)OC1C(C(C(C(C1O)O)O)O)O)OC(=O)CCCCCCC/C=C\C/C=C\CCCCC,8.773114,min,KZVRAFHIKMDULK-MLWYYCKJSA-N,[M-H]-
LQB9048021,LQB00574;LQB00188,138200868,CCCCCC/C=C\CCCCCCCC(=O)OCC(COP(=O)(O)OCCN)OC(=O)CCC/C=C\C/C=C\C/C=C\C/C=C\C/C=C\CC,8.536031,min,LEBOQMHVVYOZDX-DVKFGTQTSA-N,[M-H]-
LQB9136774,LQB00338;LQB00724,138202734,CCCCCCCCCCCCCCCCCC(=O)OCC(COP(=O)(O)OCC(C(=O)O)N)OC(=O)CCCCCCCC/C=C\C/C=C\C/C=C\C/C=C\CC,9.189651,min,LJUFXCVFKSJRPV-PYQGTGCGSA-N,[M-H]-
LQB7020228,LQB00267;LQB00653,138202930,CCCCCCCC/C=C\CCCCCCCC(=O)OCC(COP(=O)(O)OCC(CO)O)OC(=O)CCCCCCCC/C=C\C/C=C\C/C=C\C/C=C\CC,8.419072,min,LKKSDDHQPCIQOD-DCMOKHIZSA-N,[M-H]-
LQB1046464,LQB00230;LQB00616,138203689,CC/C=C\C/C=C\C/C=C\C/C=C\CCCCCCC(=O)OCC(COP(=O)(O)OCCN)OC(=O)CC/C=C\C/C=C\C/C=C\C/C=C\C/C=C\C/C=C\CC,8.866551,min,LMWGIQYUPHCPHA-GGLIIMCGSA-N,[M-H]-
LQB4043896,LQB00227;LQB00613,138210698,CCCCCCCCCCCCCCCCCCCC(=O)OCC(COP(=O)(O)OCCN)OC(=O)CCCCCC/C=C\C/C=C\C/C=C\C/C=C\CC,11.56566,min,MIPOZDXFSKBSGM-QLXZSTJSSA-N,[M-H]-
LQB8826563,LQB00170;LQB00556,138212407,CCCCCCCCCCCCCC(=O)OCC(COP(=O)(O)OCCN)OC(=O)CCCCCC/C=C\C/C=C\C/C=C\C/C=C\CC,8.782741,min,MNVGUNLOWKLLFC-WNXRHBFNSA-N,[M-H]-
LQB1155136,LQB00588;LQB00587;LQB00202;LQB00201,138212599,CCCCCCCCCCCCCCCCCC(=O)OCC(COP(=O)(O)OCCN)OC(=O)CCC/C=C\C/C=C\C/C=C\C/C=C\C/C=C\CC,9.764768,min,MOJMRZJNAPRFBD-GLWDABGQSA-N,[M-H]-
LQB0295829,LQB00585;LQB00199,138214139,CCCCCCCCCCCCCCCCCC(=O)OCC(COP(=O)(O)OCCN)OC(=O)CCCCCCCCC/C=C\C/C=C\C/C=C\CC,10.76308,min,MSYFXMJDQLPRGO-JTBMWNAQSA-N,[M-H]-
LQB5704234,LQB00727;LQB00341,138215295,CCCCCCCC/C=C\CCCCCCCC(=O)OCC(COP(=O)(O)OCC(C(=O)O)N)OC(=O)CCCCCCC/C=C\C/C=C\CCCCC,8.441325,min,MWONMGIZXLAUBR-RQOIEFAZSA-N,[M-H]-
LQB7712902,LQB00314;LQB00701;LQB00315;LQB00700,138215541,CCCCCCCC/C=C\CCCCCCCC(=O)OCC(COP(=O)(O)OC1C(C(C(C(C1O)O)O)O)O)OC(=O)CCCCCCC/C=C\C/C=C\CCCCC,8.348083,min,MXJMOLQIXMJUEL-RQOIEFAZSA-N,[M-H]-
LQB8761897,LQB00615;LQB00229,138216015,CC/C=C\C/C=C\C/C=C\CCCCCCCCCC(=O)OCC(COP(=O)(O)OCCN)OC(=O)CC/C=C\C/C=C\C/C=C\C/C=C\C/C=C\C/C=C\CC,9.124788,min,MYXOMSHYXUSJCJ-PVFFKTCKSA-N,[M-H]-
LQB0061310,LQB00303;LQB00689;LQB00302;LQB00688,138218607,CCCCCCCCCCCCCCCCC(=O)OCC(COP(=O)(O)OC1C(C(C(C(C1O)O)O)O)O)OC(=O)CCCCCC/C=C\C/C=C\C/C=C\C/C=C\CC,8.491574,min,NHCUHDJVBAQLLF-UMWXEKTDSA-N,[M-H]-
LQB9195778,LQB00282;LQB00668,138219622,CC/C=C\C/C=C\C/C=C\C/C=C\CCCCCCC(=O)OCC(COP(=O)(O)OCC(CO)O)OC(=O)CC/C=C\C/C=C\C/C=C\C/C=C\C/C=C\C/C=C\CC,7.864452,min,NKKUHWUBWLYVOR-GGLIIMCGSA-N,[M-H]-
LQB3814255,LQB00239;LQB00625;LQB00624;LQB00238,138220866,CCCCCCCCCCCCCCCC(=O)OCC(COP(=O)(O)OCC(CO)O)OC(=O)CCCCCCC/C=C\CCCCCC,8.253181,min,NOFOTAHTYLXZNV-PEZBUJJGSA-N,[M-H]-
LQB5528323,LQB00280;LQB00666;LQB00281;LQB00667,138221210,CC/C=C\C/C=C\C/C=C\C/C=C\CCCCCCC(=O)OCC(COP(=O)(O)OCC(CO)O)OC(=O)CCCCC/C=C\C/C=C\C/C=C\C/C=C\C/C=C\CC,8.027235,min,NPEYXZJWGARJPB-MYTICKLQSA-N,[M-H]-
LQB5316169,LQB00564;LQB00178,138221545,CCCCCCCCCCCCCCCC(=O)OCC(COP(=O)(O)OCCN)OC(=O)CCCCCC/C=C\C/C=C\C/C=C\C/C=C\CC,9.435002,min,NQIMLWFRWGTTOZ-JAXHXWBXSA-N,[M-H]-
LQB4908256,LQB00717;LQB00331,138224168,CCCCCCCCCCCCCCCCC(=O)OCC(COP(=O)(O)OCC(C(=O)O)N)OC(=O)CCCCCC/C=C\C/C=C\C/C=C\C/C=C\CC,8.534056,min,NYRLAGYOGZBIFV-UMWXEKTDSA-N,[M-H]-
LQB6297526,LQB00652;LQB00651;LQB00266;LQB00265,138225719,CCCCCCCC/C=C\CCCCCCCC(=O)OCC(COP(=O)(O)OCC(CO)O)OC(=O)CCCCCC/C=C\C/C=C\C/C=C\C/C=C\CC,8.140212,min,ODHQFFNXKQCMPG-HAGCXRLMSA-N,[M-H]-
LQB1066074,LQB00611;LQB00225,138226315,CCCCCCCCCCCCCCCCCCC(=O)OCC(COP(=O)(O)OCCN)OC(=O)CCCCCC/C=C\C/C=C\C/C=C\C/C=C\CC,10.89746,min,OFDOGRFSVOUXHN-PEDPXMNESA-N,[M-H]-
LQB6514021,LQB00308;LQB00694,138227586,CCCCCCCCCCCCCCCCCC(=O)OCC(COP(=O)(O)OC1C(C(C(C(C1O)O)O)O)O)OC(=O)CCCCCC/C=C\C/C=C\C/C=C\C/C=C\CC,8.754183,min,OJESNYFIPWSOPO-ZKVKLVECSA-N,[M-H]-
LQB9092542,LQB00249;LQB00634;LQB00635;LQB00248,138230554,CCCCCCCCCCCCCCCC(=O)OCC(COP(=O)(O)OCC(CO)O)OC(=O)CCCCCC/C=C\C/C=C\C/C=C\C/C=C\CC,8.144836,min,OSLKKANICVMRGE-JAXHXWBXSA-N,[M-H]-
LQB4146200,LQB00678;LQB00292,138234040,CCCCCCCCCCCCCCCC(=O)OCC(COP(=O)(O)OC1C(C(C(C(C1O)O)O)O)O)OC(=O)CCCCCCC/C=C\CCCCCCCC,8.577491,min,PDLAMJKMOKWLAJ-ZCXUNETKSA-N,[M-H]-
LQB0402972,LQB00708;LQB00322,138235964,CCCCC/C=C\C/C=C\CCCCCCCC(=O)OCC(COP(=O)(O)OC1C(C(C(C(C1O)O)O)O)O)OC(=O)CCC/C=C\C/C=C\C/C=C\C/C=C\C/C=C\CC,7.911642,min,PJGBJPJEYMOHKG-WJFLDVDQSA-N,[M-H]-
LQB9374815,LQB00575;LQB00189,138237126,CCCCCC/C=C\CCCCCCCC(=O)OCC(COP(=O)(O)OCCN)OC(=O)CC/C=C\C/C=C\C/C=C\C/C=C\C/C=C\C/C=C\CC,8.781098,min,PMUXXFUNXMXIFC-LSTLUVPYSA-N,[M-H]-
LQB8175022,LQB00641;LQB00254;LQB00640;LQB00255,138239342,CCCCCC/C=C\CCCCCCCC(=O)OCC(COP(=O)(O)OCC(CO)O)OC(=O)CCCCCCC/C=C\C/C=C\CCCCC,7.859131,min,PTJBFPPEYDFAAQ-RUGCENDASA-N,[M-H]-
LQB0440190,LQB00339;LQB00725,138241231,CCCCCCCCCCCCCCCCCC(=O)OCC(COP(=O)(O)OCC(C(=O)O)N)OC(=O)CCCCC/C=C\C/C=C\C/C=C\C/C=C\C/C=C\CC,8.863055,min,PZEFRSYCROBXSJ-NIZIMQIGSA-N,[M-H]-
LQB1588770,LQB00676;LQB00290,138241787,CCCCCCCCCCCCCCCC(=O)OCC(COP(=O)(O)OC1C(C(C(C(C1O)O)O)O)O)OC(=O)CCCCCCC/C=C\CCCCCC,8.198328,min,QAWXBJDYTIBLRK-PEZBUJJGSA-N,[M-H]-
LQB0004765,LQB00706;LQB00320,138243885,CCCCCCCC/C=C\CCCCCCCC(=O)OCC(COP(=O)(O)OC1C(C(C(C(C1O)O)O)O)O)OC(=O)CC/C=C\C/C=C\C/C=C\C/C=C\C/C=C\C/C=C\CC,8.302807,min,QHPDGSFYNQHVMI-HILQMKNTSA-N,[M-H]-
LQB6428207,LQB00698;LQB00312,138244996,CCCCCCCCCCCCCCCCCC(=O)OCC(COP(=O)(O)OC1C(C(C(C(C1O)O)O)O)O)OC(=O)CCCCC/C=C\C/C=C\C/C=C\C/C=C\C/C=C\CC,8.794852,min,QLABQLNIHHHJCI-NIZIMQIGSA-N,[M-H]-
LQB9885931,LQB00710;LQB00324,138247874,CCCCCCCC/C=C\CCCCCCCCCC(=O)OCC(COP(=O)(O)OC1C(C(C(C(C1O)O)O)O)O)OC(=O)CCCCCC/C=C\C/C=C\C/C=C\C/C=C\CC,8.774894,min,QUFNTZNEDJYRSX-QWBVDZTBSA-N,[M-H]-
LQB8898621,LQB00571;LQB00185,138249942,CCCCCCCC/C=C\CCCCCCCC(=O)OC(COC(=O)CCCCCCC/C=C\CCCCCC)COP(=O)(O)OCCN,9.325183,min,RAMNOXDFBNFSFC-LJSPAGPLSA-N,[M-H]-
LQB9896195,LQB00309;LQB00695;LQB00696;LQB00310,138265138,CCCCCCCCCCCCCCCCCC(=O)OCC(COP(=O)(O)OC1C(C(C(C(C1O)O)O)O)O)OC(=O)CCC/C=C\C/C=C\C/C=C\C/C=C\C/C=C\CC,8.462485,min,SUYDNPBYMBTSMM-GLWDABGQSA-N,[M-H]-
LQB0064007,LQB00203;LQB00589,138267167,CCCCCCCCCCCCCCCCCC(=O)OCC(COP(=O)(O)OCCN)OC(=O)CCCCCCCC/C=C\C/C=C\C/C=C\C/C=C\CC,11.15535,min,TVACGFJBGVEGCR-PYQGTGCGSA-N,[M-H]-
LQB0764088,LQB00621;LQB00235,138269195,CCCCCCCCCCCCCCCCCC(=O)OC(COC(=O)CCC)COP(=O)(O)OCCN,7.450601,min,UBMDHNXDDLIHNP-UHFFFAOYSA-N,[M-H]-
LQB7074728,LQB00224;LQB00610,138269664,CC/C=C\C/C=C\C/C=C\CCCCCCCC(=O)OCC(COP(=O)(O)OCCN)OC(=O)CC/C=C\C/C=C\C/C=C\C/C=C\C/C=C\C/C=C\CC,8.596491,min,UCWMHVFXQNTJNR-YVAAUFMTSA-N,[M-H]-
LQB1439893,LQB00682;LQB00296;LQB00681;LQB00295,138271538,CCCCCCCCCCCCCCCC(=O)OCC(COP(=O)(O)OC1C(C(C(C(C1O)O)O)O)O)OC(=O)CCCCCCCCC/C=C\C/C=C\C/C=C\CC,8.410888,min,UIRZYDCTGNCXNQ-SVNQLWEDSA-N,[M-H]-
LQB6836674,LQB00190;LQB00576,138271670,CCCCCCCCCCCCCCCCC(=O)OCC(COP(=O)(O)OCCN)OC(=O)CCCCCCC/C=C\C/C=C\CCCCC,9.902286,min,UJCJWIHZUHMDIT-OHNCOSGTSA-N,[M-H]-
LQB8795577,LQB00279;LQB00665,138282218,CC/C=C\C/C=C\C/C=C\C/C=C\CCCCCCCCC(=O)OC(COC(=O)CCCCCC/C=C\C/C=C\C/C=C\C/C=C\CC)COP(=O)(O)OCC(CO)O,8.176772,min,VPSNROSTZAMHMK-QKMVADAXSA-N,[M-H]-
LQB8329383,LQB00311;LQB00697,138283546,CCCCCCCCCCCCCCCCCC(=O)OCC(COP(=O)(O)OC1C(C(C(C(C1O)O)O)O)O)OC(=O)CCCCCCCC/C=C\C/C=C\C/C=C\C/C=C\CC,9.142293,min,VTYLJIRGLIZEIC-PYQGTGCGSA-N,[M-H]-
LQB9698078,LQB00297;LQB00683,138284476,CCCCCCCCCCCCCCCC(=O)OCC(COP(=O)(O)OC1C(C(C(C(C1O)O)O)O)O)OC(=O)CCCCCC/C=C\C/C=C\C/C=C\C/C=C\CC,8.301669,min,VWRYMIZQLPXULA-JAXHXWBXSA-N,[M-H]-
LQB5354215,LQB00721;LQB00335,138288011,CCCCCCCCCCCCCCCCCC(=O)OCC(COP(=O)(O)OCC(C(=O)O)N)OC(=O)CCCCCCCCC/C=C\C/C=C\C/C=C\CC,8.944738,min,WHUMBFDYURAXQS-JTBMWNAQSA-N,[M-H]-
LQB2566046,LQB00607;LQB00221,138289447,CCCCC/C=C\C/C=C\CCCCCCCC(=O)OCC(COP(=O)(O)OCCN)OC(=O)CCCCC/C=C\C/C=C\C/C=C\C/C=C\C/C=C\CC,9.106498,min,WMKKKPPOBQRPQF-KXVSDDNQSA-N,[M-H]-
LQB6578510,LQB00731;LQB00345,138292917,CC/C=C\C/C=C\C/C=C\C/C=C\CCCCCCC(=O)OCC(COP(=O)(O)OCC(C(=O)O)N)OC(=O)CC/C=C\C/C=C\C/C=C\C/C=C\C/C=C\C/C=C\CC,8.073263,min,WXLDEVYPZQFZLE-GGLIIMCGSA-N,[M-H]-
LQB7065720,LQB00316;LQB00702;LQB00317;LQB00703,138296016,CCCCCCCC/C=C\CCCCCCCC(=O)OCC(COP(=O)(O)OC1C(C(C(C(C1O)O)O)O)O)OC(=O)CCCCCC/C=C\C/C=C\C/C=C\C/C=C\CC,8.352509,min,XGZVRASBCZTHNO-HAGCXRLMSA-N,[M-H]-
LQB7950517,LQB00286;LQB00672,138297554,CC/C=C\C/C=C\C/C=C\C/C=C\C/C=C\CCCCCC(=O)OCC(COP(=O)(O)OCC(CO)O)OC(=O)CC/C=C\C/C=C\C/C=C\C/C=C\C/C=C\C/C=C\CC,7.938156,min,XLPVYDBPWNWRKK-SUDBCHAPSA-N,[M-H]-
LQB8780440,LQB00194;LQB00580,138298600,CCCCCCC/C=C\CCCCCCCC(=O)OCC(COP(=O)(O)OCCN)OC(=O)CC/C=C\C/C=C\C/C=C\C/C=C\C/C=C\C/C=C\CC,9.078252,min,XOUDAZVFABMKEQ-VFVAPGIQSA-N,[M-H]-
LQB2215860,LQB00614;LQB00228,138299684,CCCCCCCC/C=C\CCCCCCCCCC(=O)OCC(COP(=O)(O)OCCN)OC(=O)CC/C=C\C/C=C\C/C=C\C/C=C\C/C=C\C/C=C\CC,10.25158,min,XRZUHOFZIRSWMJ-LJHHLTENSA-N,[M-H]-
LQB8486567,LQB00709;LQB00323,138300906,CCCCCCCCCCCCCCCCCCC(=O)OCC(COP(=O)(O)OC1C(C(C(C(C1O)O)O)O)O)OC(=O)CCCCCC/C=C\C/C=C\C/C=C\C/C=C\CC,9.006672,min,XVUQPQHEPXKWNS-PEDPXMNESA-N,[M-H]-
LQB3059677,LQB00325;LQB00711;LQB00712;LQB00326,138302649,CC/C=C\C/C=C\C/C=C\C/C=C\CCCCCCC(=O)OCC(COP(=O)(O)OC1C(C(C(C(C1O)O)O)O)O)OC(=O)CCCCCC/C=C\C/C=C\C/C=C\C/C=C\CC,8.06666,min,YBEMGRPVONAHOT-CKKCRWTASA-N,[M-H]-
LQB5320815,LQB00283;LQB00669,138303433,CC/C=C\C/C=C\C/C=C\C/C=C\C/C=C\CCCC(=O)OCC(COP(=O)(O)OCC(CO)O)OC(=O)CC/C=C\C/C=C\C/C=C\C/C=C\C/C=C\C/C=C\CC,7.664656,min,YDODBXWAZBDOGC-UYABLQOYSA-N,[M-H]-
LQB9951567,LQB00200;LQB00586,138303640,CCCCCCCCCCCCCCCCCC(=O)OCC(COP(=O)(O)OCCN)OC(=O)CCCCCC/C=C\C/C=C\C/C=C\C/C=C\CC,10.33506,min,YEHAZLUVAZKVRO-ZKVKLVECSA-N,[M-H]-
LQB8210008,LQB00728;LQB00342,138303740,CCCCCCCC/C=C\CCCCCCCC(=O)OCC(COP(=O)(O)OCC(C(=O)O)N)OC(=O)CCCCCC/C=C\C/C=C\C/C=C\C/C=C\CC,8.38092,min,YEPDLFVZBAYNRO-HAGCXRLMSA-N,[M-H]-
LQB7626523,LQB00663;LQB00664;LQB00278;LQB00277,138304869,CC/C=C\C/C=C\C/C=C\C/C=C\CCCCCCC(=O)OCC(COP(=O)(O)OCC(CO)O)OC(=O)CCCCCC/C=C\C/C=C\C/C=C\C/C=C\CC,7.903591,min,YICHHSJHMIIOIM-CKKCRWTASA-N,[M-H]-
LQB1277735,LQB00670;LQB00284,138306632,CC/C=C\C/C=C\C/C=C\C/C=C\CCCCCCCCC(=O)OCC(COP(=O)(O)OCC(CO)O)OC(=O)CCCCCCCC/C=C\C/C=C\C/C=C\C/C=C\CC,8.431176,min,YNQYXRLLDSEUMY-CKKCRWTASA-N,[M-H]-
LQB6470371,LQB00691;LQB00305,138306742,CCCCCCCCCCCCCCCCCC(=O)OCC(COP(=O)(O)OC1C(C(C(C(C1O)O)O)O)O)OC(=O)CCCCCCC/C=C\CCCCCCCC,9.13166,min,YOBFISPJJWPPTK-ZZEZOPTASA-N,[M-H]-
LQB6281603,LQB00578;LQB00192,138307871,CCCCCCCCCCCCCCCCC(=O)OCC(COP(=O)(O)OCCN)OC(=O)CCC/C=C\C/C=C\C/C=C\C/C=C\C/C=C\CC,9.362026,min,YRRQJTQXWQBPQK-VZVMVVDZSA-N,[M-H]-
LQB3676799,LQB00617;LQB00231,138310701,CC/C=C\C/C=C\C/C=C\C/C=C\C/C=C\CCCC(=O)OCC(COP(=O)(O)OCCN)OC(=O)CC/C=C\C/C=C\C/C=C\C/C=C\C/C=C\C/C=C\CC,8.547914,min,ZAJJKMUFMHJZRS-UYABLQOYSA-N,[M-H]-
LQB5572686,LQB00328;LQB00714,138312604,CCCCCCCCCCCCCCCC(=O)OCC(COP(=O)(O)OCC(C(=O)O)N)OC(=O)CCCCCCC/C=C\C/C=C\CCCCC,8.341066,min,ZGNVQERQNSXHHO-BCTRXSSUSA-N,[M-H]-
LQB2302190,LQB00318;LQB00704,138312827,CCCCCCCC/C=C\CCCCCCCC(=O)OCC(COP(=O)(O)OC1C(C(C(C(C1O)O)O)O)O)OC(=O)CCC/C=C\C/C=C\C/C=C\C/C=C\C/C=C\CC,8.1139,min,ZHEIBMBVWLKKJS-HHHWHCSPSA-N,[M-H]-
LQB3254482,LQB00606;LQB00220,138317509,CCCCC/C=C\C/C=C\CCCCCCCCCC(=O)OC(COC(=O)CCCCCCC/C=C\C/C=C\CCCCC)COP(=O)(O)OCCN,9.793209,min,ZVMOCFAAUCJXQU-QWRCKZSHSA-N,[M-H]-
LQB6387130,LQB00599;LQB00598;LQB00213;LQB00212,138318539,CCCCCCCC/C=C\CCCCCCCC(=O)OCC(COP(=O)(O)OCCN)OC(=O)CCCCCC/C=C\C/C=C\C/C=C\C/C=C\CC,9.507897,min,ZYMZKMQPPJPQHY-HAGCXRLMSA-N,[M-H]-
